name,age,street,city,state,zip,lng,lat
Patrick Hendrix,23,5755 Jonathan Ranch,New Sheriland,Wisconsin,60519,103.914462,-59.0094375
Grace Jackson,36,2502 Stewart Plaza Apt. 288,Ramirezville,Arizona,91946,170.503858,58.1631665
Arthur Garcia,61,627 Liu Brooks,Freemanhaven,Kansas,97783,-39.845646,38.689889
Gary Valentine,29,9682 Theresa Vista Apt. 316,Allenborough,Oregon,81537,-30.304522,81.2722995
Erin Mclean,23,9349 Williams Landing Apt. 561,East Markmouth,Ohio,04300,-110.860085,11.476733
Karen Hodges,57,74895 Knox Mission Apt. 230,Hernandezborough,New York,07040,-128.085033,23.8720115
Edgar Humphrey,42,09726 Rivers Falls Suite 321,Mooreborough,Maryland,02899,176.490032,-78.616711
Andrew Williamson,34,2833 Brooks Mount,Skinnerville,Hawaii,84014,-72.802215,73.918076
Michael Mack,57,60369 Young Island,Andrewchester,Pennsylvania,51788,70.723959,63.915574
Kristine Nielsen,77,8387 Shaw Wall Suite 060,Port Catherineburgh,New Jersey,46291,137.055928,61.351681
Mark Grimes,24,6268 Rose Terrace,Jameston,Texas,23236,163.859064,12.4004275
Bruce Hardin,39,698 Suzanne Drives,Warrenshire,Alabama,80484,-23.712297,-77.115706
Margaret Price,71,7546 Li Gateway Suite 659,Williamton,Massachusetts,31912,86.465660,-24.826714
Wesley Holloway,68,275 Benjamin Camp,Lake Lisatown,Texas,56173,-63.196333,-42.7976715
Bruce Thompson,31,7911 Barrett Shores,New Allison,South Dakota,58995,-139.609656,80.677449
Thomas Hall,31,63131 Sandoval Wall,Andrewfort,Alaska,19483,130.544240,-8.604324
Troy Oconnor,64,05679 Rodriguez Throughway,Swansonfurt,Wisconsin,10088,-28.821796,76.813711
Brad Roman,67,194 Smith Ramp Suite 824,North Seanland,North Carolina,09660,23.999095,43.4587465
Elizabeth Smith,54,39438 Craig Cliffs,Lindsayhaven,Virginia,58859,27.755764,22.9971685
Brad Morrison,80,62683 Gonzales Harbor,Williamsfort,Pennsylvania,89049,96.270420,-3.3501955
David Miller,72,59770 Richard Club Suite 596,Allenview,Arizona,72525,-136.676368,76.657418
Jon Nichols,65,9168 Townsend Terrace Apt. 725,Valerieside,Connecticut,38478,111.948884,44.115224
Colleen Walsh,21,862 Steven Lodge Apt. 242,Lake Jasonland,New Mexico,27541,47.449002,22.0153515
Jessica Cooper,51,1062 Craig Park,East Jerrymouth,North Carolina,39439,-73.624343,-63.8009835
Brenda Oneal,63,858 Morgan Shore Suite 863,Lake Loretta,Alaska,79305,105.238793,-24.7405295
Chris Johnson,77,976 Beth Forest Apt. 193,Port Kristen,Virginia,47593,-136.388409,-46.8688355
Susan Fernandez,78,8762 William Pine,Port Allison,New Jersey,33918,31.814592,-76.3030775
Lorraine Campbell,49,49594 Jill Viaduct,East Linda,West Virginia,64612,-50.946877,-25.503028
Julie Yu,62,23899 Michael Spurs,Jillside,Massachusetts,42803,-96.521374,-85.5829665
Katie Bruce,37,494 Martin Groves Suite 183,Suarezchester,Illinois,85402,-49.574840,-82.0164615
Mary Holmes,74,7328 Justin Heights,Bensonchester,South Carolina,99530,-178.378058,22.7329725
Elizabeth Nash,61,7434 Combs Parkways,Ashleeburgh,Missouri,81545,127.978010,-61.742258
Aaron Bond,22,486 David Haven,South Matthewfurt,Nebraska,65369,24.164915,-80.4387095
Michael Castaneda,54,537 Donna Mission,East Kristin,Vermont,09187,-112.815340,63.7213265
Carlos Roy,72,85251 Rios Fork,Tuckerside,Alaska,95649,48.713156,3.278587
Hannah Townsend,21,22134 Dawn Courts Suite 862,West Ashlee,Alabama,39630,54.955193,-67.114679
Ryan Collins,71,61751 Angel Dale Suite 066,Melaniehaven,Connecticut,41121,-10.479284,29.1717335
Jennifer Poole,77,357 Donald Path Suite 863,North Brandonberg,Iowa,22163,52.432867,38.3111435
Jared Cole,50,259 Wood Street Suite 969,Gillfort,North Carolina,73157,-153.798672,57.6059025
Angela Roy,44,3774 Davidson Haven Suite 204,West Reginaside,Wyoming,61219,-76.729831,-50.4006205
Scott Taylor,75,409 Ashley Ranch,Craigland,West Virginia,98103,-111.082169,-24.142080
Charlotte Craig,77,2995 Diaz Landing,North Allison,New York,49714,20.225237,-49.340238
Catherine Taylor,46,76266 Hamilton Union,Lake Gregoryville,Florida,09744,-19.711936,44.5314535
Patrick Foster,36,7227 Andrea Viaduct Suite 671,Ortizside,Louisiana,61548,-5.656786,-73.6622425
Gina Green,72,803 Christopher Fort Apt. 599,Brookemouth,Montana,65568,122.116749,60.704290
Beverly Brennan,56,244 Gina Plains,Carrieton,North Carolina,11189,-113.048123,85.8059355
Jason Kelly,20,269 Jennifer Land Suite 084,Smithtown,South Dakota,91872,-82.891978,-4.370595
Karen Daniel,32,7210 Shaw Gardens,Ashleyview,Wyoming,79019,134.221603,44.5664625
Angel Wells,68,5394 Elizabeth Mission,Huntberg,Washington,88698,74.325047,52.908654
Derrick Estrada,36,98150 Jennifer Mountain,South Ryanborough,Pennsylvania,74479,-91.576556,-19.1278535
Jose Coleman,26,75073 Smith Skyway,South Kylie,Florida,89681,66.935618,-28.530428
Virginia Boyd,64,94974 Jessica Springs,East Andrewville,Michigan,86010,-11.716216,-27.719491
John Schmidt,44,3258 Williams Bypass,Millerside,Rhode Island,17106,-150.924156,-71.5046535
Alexis York,55,5557 Hickman Highway,New Janet,South Carolina,42173,-147.670418,35.3695095
Stephen Mora,20,7111 Peter Rest Apt. 105,West Veronica,Hawaii,86279,146.599629,-37.0299745
Jeff Ellis,30,3216 Ross Junction,South Victoria,South Carolina,04733,-30.261605,-40.8676675
Kelly Reyes,52,85660 Holland Turnpike,New Tinaland,Vermont,88810,-30.773932,31.8178105
Amy Martin,34,92676 Jeffrey Passage Apt. 851,Port Joshuaburgh,Pennsylvania,17019,-174.348303,22.303548
Michael Schwartz,73,785 Sarah Route,Gonzalezside,Alabama,58848,-25.966133,-69.489894
Deanna Carlson,55,6076 Reynolds Mall,Kathyview,West Virginia,95073,139.678622,-70.9599365
Laura Boyer,80,233 Jose Brook,Stephaniefurt,Arkansas,79029,-105.017329,-86.0975545
Melissa Harrell,71,07204 Summers Orchard,East Beverly,West Virginia,76749,122.595498,-32.016073
Brittany Kent,24,6418 William Island Apt. 140,Alvarezport,Wyoming,47832,159.290912,-11.253772
Peter Ali,58,987 Macias Throughway,Matthewbury,Vermont,28933,65.675681,75.417556
Christina Gibson,58,11130 Roberts Spring Suite 489,Davisland,Montana,12201,-82.192265,51.759491
Bryan Skinner,40,99311 Nichols Causeway Apt. 760,South Peggyfurt,Maryland,52282,-25.631427,-1.548787
Paul Thomas,28,34494 Kelly Fall Suite 123,West Sheila,Arkansas,87077,157.045437,67.2112595
Ryan Morales,71,258 Angela Burg,Jonesbury,Maryland,98947,-33.270236,31.083919
James Fuentes,52,9864 Melissa Trail,Mahoneyport,Louisiana,49366,144.148158,28.4735225
Megan Cole,28,881 Jeffrey Greens Suite 812,South Jason,New York,74472,-153.566304,-37.546648
Denise Johnson,37,043 Serrano Freeway Apt. 418,South Terri,Ohio,60057,-51.949557,76.477963
Matthew Armstrong,43,3280 Davidson Estate Suite 813,Port Tiffanyton,New Hampshire,44456,4.760476,-42.5487935
Kimberly Riley,58,142 Boyd Forest,Port William,New Mexico,31598,164.828727,-67.620200
Joshua Gregory,21,02787 Salazar Orchard Suite 822,Randyfort,Texas,99066,-142.650807,69.4430865
Mrs. Yolanda Edwards,68,1835 Weber Gateway Apt. 078,North Michaelfort,Wyoming,42520,3.059080,70.5647605
Frank Anderson,42,330 David Locks,Mcfarlandton,South Dakota,60302,23.905931,-67.7012275
Heather Schultz,45,527 Brown Bypass,Gabriellaville,South Dakota,78420,-154.110860,45.676901
Samuel Smith,67,192 Molly Square,Taylorstad,Delaware,90769,8.795278,61.548897
Nathan Barrett,26,32331 Anthony Ferry,South Lesliemouth,New Jersey,76257,-101.611869,18.183615
Andre Smith,38,63986 Mark Pine,North Jonathanstad,Oregon,59991,-27.392495,10.8377075
Joseph Ortega,24,9931 James Lake Apt. 191,Kelleyport,Utah,27862,81.817559,-49.560467
William Palmer,29,324 Theresa Court Suite 714,New Alexandra,Wyoming,36949,-64.850250,-12.375813
Christina White,66,35857 Jennifer Dale,South Susan,Virginia,17371,103.873177,-18.7373185
Alyssa Castillo,61,22125 Julie Oval,North Sarah,Missouri,20154,-133.758948,-69.274343
Thomas Robbins,24,13223 Rodriguez Run Apt. 912,West John,Texas,81389,122.685551,-41.415539
Michelle Miller,45,47746 Victoria Wall,Judymouth,Michigan,72237,37.926168,-24.5345685
Shelly Ross,44,420 Brooke Station,Rebeccaside,Virginia,58865,26.942815,-68.5285495
Sean Lewis,54,674 Mckinney Causeway,North Melinda,Texas,69609,60.103599,53.3300865
Breanna Duncan,38,28380 Berger Ridge Apt. 953,South Margaretfort,North Dakota,07317,45.074231,-26.643979
Rebecca Mcmahon,55,066 Smith Avenue Apt. 743,East Regina,Pennsylvania,72580,-125.289828,67.2778205
Megan Rogers,54,72981 Wilson Summit,Smithville,Utah,83834,16.561272,79.2456625
Lydia Jacobson,43,22802 Franklin Crossroad,Robinsonmouth,Alabama,85327,-89.244500,64.080147
Kimberly Walker,30,75229 Wesley Pines Suite 889,North Lauramouth,Hawaii,31124,162.051070,33.4864985
Danielle Hahn,47,580 Mark Mill Suite 840,New Brianburgh,Texas,10487,70.932669,-47.9467345
Dr. Stephanie Sullivan MD,68,853 Emily Extension,Williamsview,Colorado,83312,165.138458,-88.938359
Brian Ellison,60,32329 Daniel Forest Suite 726,Boothmouth,Ohio,19117,119.810693,38.3755415
Joseph Alvarado,44,89235 Silva Keys,North John,Arkansas,78610,-133.049645,-70.671806
Don Hayden,31,928 Dickerson Forge Suite 795,Lake Jeffreymouth,Kansas,19847,54.031885,-31.9823245
Gary Reyes,27,1107 Alyssa Fort Apt. 948,North Tamarashire,Minnesota,53696,22.675565,13.076540
Blake Mitchell,58,0922 Cooke Falls,New Bethmouth,Montana,23432,13.930302,-64.7054955
Shannon Price,40,96471 Eugene Corner,New Davidmouth,Utah,29505,-116.622183,-26.375513
Garrett Miller,24,98000 James Pine,Christophershire,Rhode Island,54194,-170.979012,9.145833
Kristin Black,40,368 Kelly Highway Suite 423,Hallburgh,Mississippi,11121,142.192810,44.526661
David Alvarado,38,0718 Cynthia Burgs,Amberfort,Georgia,79218,-55.612282,62.9128995
Paul Banks,36,0440 Brian Highway Apt. 802,Lake Anne,Delaware,83533,89.211072,54.5628555
Justin Coffey,52,175 Briana Lake,East Steven,Missouri,71703,3.997242,38.443690
Sherri Young,51,209 Williams Views Apt. 586,Martinmouth,Colorado,03543,65.118122,-42.9427025
Christopher Butler,59,4375 Sanchez Springs,Diazside,Washington,27964,146.896430,-7.097235
Juan Conrad,65,1748 Julie Camp Suite 893,Austinville,Mississippi,60327,20.981679,-5.240842
Brian Jackson,63,8665 Frank Ports,Johnsonstad,Kansas,60622,25.385911,-78.2357555
James Kelley,19,759 Richard Port,Watkinsshire,Nevada,94039,157.880385,-75.6116345
Cameron Fuentes,24,5699 Kevin Ridge Apt. 457,Keithberg,West Virginia,69746,-52.840029,33.480981
Barry Johnson,61,06651 Ryan Curve Apt. 749,Frederickstad,Hawaii,89632,122.110598,17.8994925
Michael Lamb,34,36586 Harvey Ranch,Darrellberg,Oregon,64998,-101.942576,-61.577905
Amy Rubio,26,938 Ann Fords,New Jeffrey,Massachusetts,58770,67.734869,50.1284375
Carlos Newton,27,50756 Thompson Squares Apt. 641,West Nicolebury,Illinois,60903,162.307390,-67.3266225
Shawn Frye,68,931 David Circle,North Kristina,Wyoming,66055,16.318792,44.623696
Brittany Hudson,34,39014 Jeanette Skyway Apt. 742,Duncanmouth,Indiana,57998,103.630167,-47.090474
Monica Howell,74,42143 James Isle,Lake Heathershire,Delaware,44457,17.045426,61.9424885
Wesley Munoz,61,249 Collins Lodge Apt. 492,Gregoryfurt,Alabama,43819,-170.697085,-16.597618
Christopher Adams,44,02367 Robert Inlet,Morrischester,Virginia,14358,-13.878117,-73.6499655
Donna Holmes,60,433 Anderson Manor,West Markside,New York,95540,-126.394305,-50.8657895
Emily Stone,22,72523 Brooks Cape Suite 242,Williamsstad,Washington,81162,160.635194,-69.435203
Christina Pineda,75,659 Michael Divide Apt. 423,Lake Andrewborough,Utah,07109,98.191256,-30.1951065
Alexander Ibarra DVM,75,362 Ford Fork Apt. 113,Watkinsmouth,Maine,79364,156.676058,76.060939
Sarah Blair,57,80834 Miller Inlet,Thomasstad,New Mexico,12386,177.596275,28.547354
Dominique Carlson,57,4120 Aaron Point Suite 692,Taylorport,North Carolina,08359,154.701203,61.3761425
Dennis Torres,64,36888 Gloria Circles Suite 503,West Robert,Wyoming,44520,-21.674697,44.550434
Eric Parker,58,0309 Samantha Radial Apt. 114,Carlview,South Carolina,67050,0.539764,-52.834383
Matthew Hernandez,21,9312 Walsh Plains,Pereztown,Alaska,50832,154.796509,-73.4976855
Thomas Fields,56,533 Barry Forest Suite 535,Port Melinda,Tennessee,95771,148.503773,-31.3600845
Tara Potter,71,0433 Green Knolls Apt. 525,Meyermouth,Arizona,54738,-8.108137,-64.5118945
Joshua Rivera,70,9654 Jesse Locks Apt. 499,East Crystalmouth,Montana,63998,-76.279957,32.322021
Teresa Smith,20,3243 Buchanan Manors,North Kathrynshire,Colorado,44357,93.606746,53.507392
Melissa Lindsey,42,0234 Keller Knolls Suite 703,West Stevenside,Rhode Island,86244,-143.933512,-18.4450435
Brian Dawson,67,74402 Mitchell Manor Apt. 680,South Judy,Mississippi,41791,90.757527,13.264941
Benjamin Cohen,47,9753 Mcgee Islands Suite 019,Martinezborough,Pennsylvania,54905,124.668363,34.9970545
Joan Frank,64,003 Harvey Islands,East Scottburgh,Rhode Island,53386,75.488754,-32.2909005
Robin Keller,38,508 Todd Islands,Port Kelseychester,Alaska,70018,44.472423,-70.1737025
Todd Hall,35,456 Daniel Keys Apt. 645,West Holly,Connecticut,23834,-55.240225,-56.4826365
Nicole Schmidt,79,59076 Leslie Walk,West David,Connecticut,94677,158.882921,-11.981243
David Whitaker,61,771 Lane Neck Suite 826,Chrismouth,California,40920,79.848120,-23.794768
Jessica Davis,21,7005 Eric Brooks Suite 162,Lake Danview,Ohio,15220,78.140517,38.514983
Robert Crawford,59,750 Michael Camp,East Bryanbury,Arizona,78891,-173.189936,-0.0314045
Nathan Morse,62,307 Stephanie Lodge,Port Reginald,Maryland,82202,58.936595,-72.0732805
Angel Thomas,69,03118 Carroll Mountain,Michaelbury,Kansas,04206,-99.148635,-19.906411
Nicole Chandler,43,86423 James Pine,Wendystad,Illinois,97379,-107.614588,-15.4456175
Christopher Jordan,26,11050 Gonzales Turnpike Apt. 802,Port Saratown,North Dakota,19616,55.313501,7.4689265
Andrea Brown,42,88331 Tyler Turnpike,Longmouth,Kansas,21956,29.087189,16.277781
James Sosa,28,01487 Wiley Dale Apt. 832,Haleyfort,Georgia,50543,-62.377203,83.5470165
Matthew Hughes,78,79164 Nichols Field Suite 271,North Stevenhaven,Kentucky,77038,107.536910,-71.5631865
Andrea Hill,55,41213 Aguilar Underpass,Adamport,Michigan,72200,47.564595,-81.2773585
Diana Smith,23,05838 Howard Radial,Maynardville,Georgia,38388,-136.367966,-55.301753
Luis Johnson,51,1838 Patterson Crossroad,Thomasborough,Alabama,36397,88.811058,-82.021472
Richard Jackson,47,403 Troy Road Suite 132,New Ashley,Rhode Island,14370,137.769528,77.3655625
Michael Floyd,68,9883 Powell Villages,Erichaven,Arizona,75913,145.143800,42.7444955
Ryan Murphy DVM,36,74710 Gary Fields,Reynoldsburgh,Kentucky,34801,7.425694,57.888786
Alexander Elliott,38,60171 Norman Stravenue,Reyesbury,Oregon,42903,-83.650018,40.504396
Leah Elliott,34,30387 Matthew Vista,Georgeside,Georgia,13039,105.117335,-42.290117
Angelica Wiggins,78,485 Pena Islands,Anthonybury,South Dakota,51210,-45.186885,-50.197938
James Mack,62,292 Austin Station,North Josephburgh,Oklahoma,44614,-9.499012,-76.240072
Kristen Harrison,61,4930 Renee Shores,North Amandaberg,Washington,88785,156.854209,7.055970
Daniel Patel,68,6979 James Land,South Brian,Rhode Island,84669,-62.160946,79.5451665
Lisa Simmons DDS,43,507 Jessica Run,Lake Taylorside,Missouri,15193,43.431366,89.492919
Alexandria Baker,79,324 King Lakes Apt. 608,Port Tyler,Georgia,43781,118.899857,6.4397585
Cody Perez,29,1808 Knox Port Suite 975,New Jillianfort,Indiana,32242,161.156582,-48.561588
Nicholas Miller,69,578 Freeman Avenue,Lake Zacharymouth,Florida,53018,33.212586,83.0893055
Justin Patel,76,78206 Sanchez Street Suite 465,West Jennifer,Missouri,85705,-82.876793,-29.3741385
Sarah Brown,71,0918 Washington Junction,Marieshire,Vermont,88393,172.995552,60.103635
Joseph Velazquez,70,9546 Douglas Dam Suite 889,Orrborough,Maryland,60732,-145.360111,71.703982
Sherri Spence,79,614 Moore Unions Suite 377,Alexandratown,Delaware,49442,143.920215,-52.587169
Brandi Jones,30,21965 Raymond Summit Suite 128,Williamsmouth,Illinois,38056,-55.677264,-85.152135
Kyle Yang,74,428 Roy Rapid Apt. 612,Wilsonberg,West Virginia,38306,-16.352904,39.475324
Duane Sutton,47,16856 Moran Squares Suite 802,Lake Charlesview,Minnesota,31224,114.746645,-56.2737475
Michael Davis,28,408 Michael Drive,North Joseph,North Carolina,03283,-177.552972,-42.5092715
Billy Smith,73,6827 Peterson Roads,Frederickstad,Delaware,09323,-6.078542,-69.741377
Christine Lewis,20,01469 Craig Divide Apt. 144,Dawnfort,Ohio,86843,-136.417797,-46.003367
Thomas Murray,38,35176 Owens Land,Luisburgh,New Jersey,77205,143.276792,-55.177653
Jessica Carter,71,28920 Gregory Oval,New Robert,New Jersey,03274,-23.488319,89.8250195
Kelly Hammond,72,369 Jenkins Prairie Apt. 372,Woodhaven,Delaware,20389,-162.606082,60.253716
Ronald Lewis,79,6718 Bryant Run,South Phyllischester,Hawaii,84274,106.944411,-58.638521
Suzanne Mueller,71,0422 Kelly Burg Apt. 057,Stuartmouth,Massachusetts,53051,14.223100,44.494107
Derek Carpenter,80,2795 Ricardo Locks Suite 317,Hursthaven,Montana,23950,-141.864619,15.167133
Larry Reese,21,011 David Trail Apt. 453,Lake Nathan,Nebraska,39865,158.923871,-0.7732535
Michael Luna,44,03208 Stacey Mission Suite 602,Port Tina,Nebraska,82795,134.225599,-60.294345
Ricky Booth,40,23545 Blackburn Oval,North Brooke,Kentucky,80773,121.610234,69.8667035
Jacqueline Wood,75,6014 Lisa Garden,Lake Jodimouth,Nevada,69254,127.371900,-33.031211
Christopher Rodriguez,63,146 Ashley Tunnel Suite 882,Goodwinland,Arkansas,39781,-62.826230,26.7116965
Mia Cummings,45,924 Tammy Land Suite 984,South Allison,Alabama,45947,-86.017568,85.719616
Mary Kennedy,77,400 Valerie Falls Apt. 037,Adamstown,Montana,52905,64.117540,40.768519
Justin Long DVM,72,7508 Kelley Spurs Apt. 702,West Elizabeth,Oklahoma,77874,-152.892101,70.825561
Anthony Velasquez,40,538 Heather Streets Suite 111,Hannaland,Maryland,06515,-105.583002,43.277445
Jennifer Castillo,47,510 Caroline Estate,Lake Rhonda,Oklahoma,93665,167.149007,-73.334135
Cathy Garrison,26,844 Norman Creek Apt. 196,Torresport,Arizona,16580,-15.149652,36.918166
Karina Hawkins,80,0518 Mendez Ridges,North Lindsay,New Mexico,55205,-124.135054,-84.1340845
Amanda Hester,58,84063 Vicki Skyway Suite 778,South Kayla,New Jersey,82369,146.133436,88.4414255
Wendy Harrison,55,07310 Weiss Vista,East Mark,Iowa,70936,-167.879003,-57.9293465
Michele Bean,59,73917 George Ports,Jasonburgh,Arizona,99375,75.284827,-49.0614305
Michael Phillips,58,49995 Daniels Forest,Lake Jacob,Virginia,14961,-68.435068,24.9530365
Andre Lee,53,069 Beck Trail,North Jasmine,South Dakota,17335,127.568012,-52.191386
Cathy Smith,31,100 Tyler Falls Apt. 290,Davisland,Montana,97453,26.435341,-9.703685
Emma Burgess,46,8120 Lisa Walk Suite 355,Lake Wandachester,Wisconsin,77209,-26.866490,87.625912
Natasha Gonzalez,47,9899 Tapia Rest Suite 875,North Kimberlyberg,New York,16315,-0.020475,-77.2168565
Karen Turner,45,5274 Leslie Mission,Port Robert,Alaska,32271,149.382608,60.9763445
Jason Green,28,262 Parker Shores,Port Shane,Georgia,00618,10.003002,55.6259815
Betty Hawkins,32,14855 Benjamin Mountains Suite 764,Jerryside,Florida,09628,-143.750251,43.2850865
Jeffrey Chan,45,7158 Theresa Station Suite 293,Keithfort,Wyoming,89444,-173.676434,-26.519635
Mason Kelly,39,146 Smith Garden Suite 828,Bellfurt,Nevada,99347,-4.825552,-68.7478295
Jennifer Osborn,21,3613 Tammy Mountains,East Sarah,New Mexico,72334,-86.181154,-20.100067
Ashley Trevino,23,35333 Ritter Corner Suite 418,Barnesshire,Nebraska,19426,-69.226866,18.024710
James Allison,18,164 Sarah Ridge Apt. 715,Lake Josephhaven,Virginia,60458,-78.852632,-41.8172655
Rhonda Davis,24,127 Mark Expressway Apt. 043,New Christophershire,Utah,14440,171.765191,11.8993385
Lauren Vaughn,30,93672 Michael Views Apt. 634,Vincentmouth,Michigan,29763,-101.727232,42.924459
Amy Ramirez,20,68609 Kelly Garden,Port Scott,North Dakota,26309,76.256033,-32.7307295
Charlotte Griffin,64,087 Watson Summit Apt. 287,Derrickborough,Virginia,29609,51.896508,40.2937775
Fernando Sullivan,46,5208 Ryan Trafficway Apt. 969,East Walterfort,Illinois,74959,-91.167883,-25.406758
Nathan Liu,21,47795 Kimberly Ramp,North Calebview,New York,56013,6.724823,75.445441
Justin Ross,54,679 James Canyon,Cynthialand,Montana,60204,-118.056645,-49.0493005
Kyle Rhodes,34,1897 James Trace,Figueroaburgh,Delaware,38896,-42.690951,-13.7394795
Richard Hardin,61,23905 Valdez Wells,Port Joshuaville,New Hampshire,08337,-38.310245,23.235360
Timothy Fuentes,61,551 Ashlee Mews Apt. 567,Jamesberg,Maine,14416,58.192806,7.9879175
Erica Howard,38,500 Gonzalez Hill Suite 075,North Williamborough,Maine,99298,119.899324,36.690005
Scott Becker,76,767 Maurice Tunnel Suite 336,Port Ericchester,Connecticut,83883,158.899082,-57.5024725
Christina Dominguez,18,39170 Karen Lodge Apt. 844,South Charlesside,Minnesota,16495,163.467616,-74.755052
Catherine Thomas,21,522 Gregory Forges,Nancyhaven,Mississippi,43685,150.206070,24.520306
Bradley Bailey DVM,63,1240 Robinson Crescent,East Patriciaville,Missouri,97104,18.235486,-86.906068
Marvin Andrews,32,6449 Weiss Divide Suite 739,Ricestad,Massachusetts,72158,-167.075887,-60.8788155
Taylor Montgomery,51,7490 Johnson Unions Suite 165,Gregoryland,Georgia,39128,53.651827,41.3436965
Matthew Salazar,58,766 Heather Hill,South Heather,Illinois,19338,-73.763384,48.2144705
David Thompson,48,587 Harrison Square,Arthurtown,Delaware,96058,-52.019881,8.6581455
Erica Graham,32,30976 Crystal Ranch Suite 081,Kimberlyburgh,Arizona,02301,38.558500,16.765871
Crystal Spencer,31,5406 Tiffany Viaduct Suite 801,Jamestown,Alabama,30802,-15.394742,83.2223475
Sue Torres,42,25282 Kathryn Parkway,South Lauriemouth,Pennsylvania,84468,163.319832,-38.8949845
Angela Flores,47,4383 Roberts Field Apt. 617,West Cathyfurt,Massachusetts,86426,-107.611274,34.883421
Mrs. Laurie Wade,55,66666 Meghan Fort,South Jessica,Montana,07464,-154.148185,48.279941
John Espinoza,78,9285 Flynn Lights,Orrville,Texas,58056,-145.956378,25.4804715
Tiffany Nash,33,363 Amber Path,Whitefurt,Florida,87256,-18.515589,69.7805675
Erin Rodriguez,54,0508 White Knolls Suite 075,Kaylaton,Wisconsin,31780,74.769595,-41.827595
Sherri Willis,28,809 Valdez Ways,Port Kayla,Nevada,91665,-65.591367,32.3753335
Clifford Francis,28,0807 Hernandez Keys,New Paulborough,Pennsylvania,70431,-87.706753,-42.2035945
Ashley Mcdonald,41,1501 Sarah Loaf Apt. 798,Monicamouth,Alaska,83749,-16.865165,19.7186115
Eric Marks,79,908 Alvarado Crossroad Apt. 951,Vincentburgh,Georgia,17719,-68.420525,-86.4101255
Christy Thomas,53,0733 Reid Mews,Kathrynmouth,Arizona,56509,173.066615,23.8644475
Anthony Mcclain,35,994 Murphy Extensions Suite 991,North Devin,Oklahoma,16273,-98.155717,-43.604516
Matthew Peters,57,791 Jessica Roads,Simpsonfort,Wyoming,47745,51.888735,-5.890631
Jeremy Sharp,49,58281 Ibarra Tunnel,Larrychester,New Jersey,35624,-76.039642,42.4738695
Tanya Love,24,408 Garcia Neck Suite 841,South Karen,Kansas,19005,-172.201319,82.0686195
Ashley Peterson,25,40233 Robert Station Suite 059,Port Janet,Maine,61611,-22.174058,-35.2265625
Kenneth Wilson,25,80619 Jones Throughway,Roberthaven,Wyoming,43304,-24.698181,48.2429055
Wayne Newman,52,71822 John Mountains,Diazton,Wisconsin,46218,-165.066081,32.6591925
Beth Pierce,61,6667 Summers Lakes,East Olivia,Kentucky,71142,16.254757,87.4052125
Jacob Cordova,45,994 Jones Skyway,Stevenmouth,Connecticut,20212,-146.046020,22.4776825
Terry Pearson,53,7333 Barnett Plain Suite 990,South Amyview,New York,66335,-119.658330,58.0957165
Alexander Smith,63,63537 Torres Track Apt. 467,Blakebury,Oklahoma,67187,-3.102496,-4.0098035
Micheal Ward,26,696 Danielle Burg Suite 171,North Larrychester,Utah,30039,14.878974,75.1653345
Taylor Mcintosh,55,5471 Michael Key,Jessicaview,Michigan,70400,120.121809,16.880315
Phillip Patrick,75,86731 Patricia Rue,Loveshire,Tennessee,86019,95.432549,77.527326
James Sparks,49,7358 Shannon Vista Apt. 727,Brianchester,Massachusetts,83655,23.374027,-47.844226
Deborah Mack,62,314 Carlson Pike Apt. 019,Evelynport,North Carolina,37085,-24.953918,53.8878475
Stephanie Campbell,34,105 Brenda Street Apt. 296,East Thomasside,Illinois,92533,68.662820,9.3440935
Jose Reed MD,20,370 David Spring Apt. 905,Bullockfurt,Texas,15659,-159.394174,-53.449983
Nathaniel Williamson,43,483 Anita Plains Suite 937,Lake Debbiestad,New Jersey,45402,-176.232145,89.715090
Natasha Strong,67,640 Riley Inlet,Lake Erica,Texas,47495,-90.572071,-34.468091
Mr. Randy Morales DDS,54,03874 Brennan Streets Apt. 692,Port Angelicahaven,Kansas,60970,138.904834,9.4561275
Mrs. Margaret Hardy,42,721 Price Crossroad Suite 476,Caseyton,Texas,14341,125.596678,51.8791045
Taylor Evans,31,2165 Foster Mall,Brianshire,West Virginia,69438,55.581225,85.126350
Charles Carr,38,4869 Gonzalez Forest Suite 434,Millerhaven,Georgia,97752,-70.011723,23.819787
Hannah Washington,43,57478 Allison Landing,East Cassandra,West Virginia,04363,44.098109,29.233933
Ryan Williams,33,630 Aguirre Flats,West Michelle,Arkansas,20988,149.277227,24.2215565
Ashley Powell,58,0179 Elizabeth Glens Apt. 580,North Jasmineview,Pennsylvania,68513,72.585873,-48.2463375
Eric Bush,37,110 Kirby Locks Suite 316,Jeromefurt,New Mexico,45699,-179.925090,17.690354
Shari White,23,67956 Avila Loaf,West Katherineview,Minnesota,84019,-157.790609,-83.933195
Louis Reeves,60,36119 Anderson Cliff Apt. 988,North Nicolefort,South Dakota,30163,154.911326,31.4351435
William Dixon,75,2751 Erickson Crossroad Suite 438,Moralestown,Tennessee,34784,-143.773825,-44.1916775
Cassandra Jackson,63,07406 Richard Prairie Suite 639,New Kellyview,Montana,46697,-42.294774,-43.627316
Allen Adams,20,6918 White Well Apt. 863,East Charles,Connecticut,89861,56.911656,-23.823390
Mr. Zachary Ball,28,179 Sanchez Village,Moorefurt,Colorado,82717,89.230247,37.991247
Jessica Fuentes,29,9906 Crawford Pass Suite 215,South Jeffreymouth,Idaho,60220,-96.543702,-14.3496925
Tabitha Macias,41,532 Andrew Fall Apt. 251,Williamsside,Montana,16868,78.044987,14.7790815
David Cook,21,4736 Melissa Stravenue Apt. 567,Lake Marytown,Washington,21452,-11.522917,23.025418
Michael Mcfarland,60,01150 Watkins Hollow,North Susanside,South Dakota,01502,-5.845823,76.3223395
Amber Collins,45,24108 French Crossing Suite 512,New Matthewport,Wisconsin,07290,-33.608281,-45.7402355
Hailey Mathews,59,27457 Gregory Well Suite 196,West Elizabethhaven,Wyoming,30641,169.912944,-79.8079005
Jennifer Shaw,74,52066 Martinez Trace,East Natashaside,Georgia,40070,-1.350860,59.3680035
Mr. Zachary Lee,32,8715 Johnson Isle Suite 937,South Michael,West Virginia,97532,81.918204,-77.7301985
Hannah Fox PhD,39,3371 Lisa View,North Amanda,Oregon,78499,35.925313,-39.0634635
Mr. Gregory Dunlap,26,8002 Evans Circle,East Brittney,Nebraska,13923,-88.752274,40.5485485
Katie Glover,41,306 Steven Pine Apt. 010,Lake Tylerfort,Illinois,79561,149.441513,32.873726
Jessica Conner,28,8783 Dixon Mount,Patriciatown,Virginia,59076,-134.637481,-28.2978245
Jacqueline James,56,72112 Samantha Divide,Ryanmouth,Indiana,32628,-123.863675,-75.950157
Susan Sharp,62,584 Amanda Isle Apt. 115,Chadburgh,Florida,04706,26.942179,10.8163245
Brittany Martinez,69,49599 Alexis Fall Apt. 527,Savageview,South Dakota,17714,10.969059,77.383845
Angela Suarez,30,32529 Patterson Causeway Suite 524,Harrisland,Kentucky,31347,-30.920890,-57.843036
Mrs. Erin Hall,74,772 Phillip Wall,Petersontown,Hawaii,23590,-83.032733,13.2138385
Andrea Gomez,21,67925 Nathan Run Suite 785,Arellanohaven,Oklahoma,23532,-156.049617,77.520649
Timothy Collins,56,7337 Anthony Forge,Brandonstad,Utah,53567,-0.605405,-54.163181
Kathryn Johnson,70,06419 Kelley Bypass Suite 401,South Kimberlyville,Utah,42445,-171.173739,71.935481
Jordan Edwards,65,00649 Patricia Pike Suite 452,West Juan,Missouri,57477,-129.299430,-61.236050
Denise Wood,32,348 Henderson Freeway,West Heatherview,Alaska,06345,18.113743,57.604156
Alyssa Phillips,68,07337 Christina Shoals,North Melissa,Delaware,45215,93.737755,-51.530428
Timothy Bradley,66,898 Cruz Springs Apt. 367,Lake Justin,Alaska,33629,-63.741452,65.342188
Stephanie Young,65,757 James Inlet Apt. 794,Bradfordview,Kansas,49483,-91.558804,-21.9956785
Alexis Johnson,80,98331 Williams Camp,New Maureen,Montana,73270,36.118119,87.3824055
Joseph Allen,68,64647 Smith Parkways,Morganborough,Maine,48995,100.447460,-76.3628185
Mr. Joshua Townsend,67,91731 Curtis Pines Apt. 392,West Brandonfort,North Carolina,15957,-48.413878,-11.9617415
Jimmy Patton,26,500 Hamilton Causeway,Buchananview,Kentucky,90135,111.507913,-25.579856
Kevin Schroeder,62,2038 Wright Walks Apt. 270,New Moniquefurt,Maryland,84768,45.265696,0.5783115
Brian Lynch MD,69,334 Robert Plaza Suite 872,Boydbury,North Dakota,79970,47.774021,7.7988325
Robyn Mcneil,34,7748 Smith Terrace,Harringtonview,Texas,27579,-1.233368,65.6647045
Francisco Murphy,52,7615 Larry Haven Apt. 630,Charlestown,Minnesota,24545,87.530781,-38.295802
Marie Harris,51,99118 Brandi Lodge,South Lancehaven,Maine,21668,-30.238267,41.7625945
Thomas Evans,35,6808 Katherine Lakes,New Ericview,West Virginia,24202,-134.301093,4.8631725
Jessica Sims,22,97913 Tyler Overpass,Audreymouth,Iowa,66511,-142.900611,35.8389385
Joseph Miranda,60,479 Carter Flat,West Steventown,Alabama,87822,109.027792,-72.705490
Nicholas Casey,79,841 Henson Mills Apt. 889,Dillonborough,Nebraska,91774,-49.330512,-72.3289995
Mark Ross,46,3848 Tapia Motorway Apt. 387,South Angela,Utah,30489,-126.995636,13.281071
Kimberly Wade,64,519 Suzanne Shore Apt. 391,Vanessaland,Montana,03938,102.402500,20.3591335
Thomas Shields,66,85097 Ellen Isle Apt. 931,West Natalie,Minnesota,63336,-148.076700,-0.9652875
Kelli Johnson,53,8503 Deborah Dam Apt. 299,West John,Oregon,20454,-63.824877,21.106521
Randy Huang,70,8443 Timothy Dale Suite 108,Port Alan,New York,14621,-77.162431,-13.018598
Tami Fitzgerald,33,46993 Eric Locks Suite 045,Charlesland,Missouri,56388,-84.695424,53.193975
James Herrera,25,4402 Taylor Squares,Lake Robertchester,Kentucky,64402,-61.571723,48.001981
Ray Nichols,32,67531 Bryant Plaza,Nelsonton,Maine,11135,-32.116399,-23.0162865
Elizabeth Huff,56,1674 Adams Underpass,North Tylerfurt,Iowa,39263,95.488672,-43.6872945
Samantha Newton,30,556 Stephanie Crest,Lake Mirandaburgh,Minnesota,59089,22.465825,46.1064465
Wanda Hunt,48,218 Tiffany Ports Apt. 271,Wandafort,Georgia,45587,-116.367796,-48.4913685
Amanda Bailey,68,082 Samuel Lock Suite 258,Pearsonmouth,Montana,16631,-68.274889,50.1024045
Angela Rice,20,8422 Maria Summit,East James,Washington,63811,123.470459,-51.426662
Angela Henderson,25,38165 Helen Extension,Gilbertchester,Utah,33135,142.522071,39.2838165
Michaela Russell,59,2919 Jessica Circle,Maryfort,Massachusetts,28238,41.867757,80.0180905
Thomas Powers,59,14098 Hawkins Roads Apt. 256,Jacobberg,Massachusetts,96900,-146.536911,67.4505035
Amy Garcia,35,86282 Mendez Ferry,Port Fernandoport,Georgia,01385,151.037785,87.400864
Jennifer Brock,80,3855 Zachary Shores Suite 245,New Brittanyfort,Arkansas,65679,-53.039673,-27.161073
Angelica Knight,61,68959 Spears Flat Suite 544,Lake Briannafurt,California,56548,30.343046,88.834395
Karen Smith,29,27025 Bruce Knolls Apt. 822,Combsshire,Georgia,69305,-142.518343,-29.706822
Marissa Kelly,47,479 Patrick Keys Suite 824,West Jeffreyburgh,Virginia,08189,89.345220,-42.3662115
Roger Marquez,76,828 Kelley Mall Suite 788,South Brian,Oklahoma,68939,48.720913,8.751042
Andrew Rogers,72,02348 Carney Estates Apt. 175,Joshuafurt,Rhode Island,96883,112.492029,-19.1658915
Ms. Katie Wood,74,52221 Ronald Gardens,West Connor,Missouri,60730,130.937637,-57.1263665
Tracy Garza,18,2580 Katherine Village Suite 735,Clarkland,Arizona,80696,-113.213449,-63.8662235
Arthur Ramirez,53,27585 Mario Tunnel,South Sandra,South Carolina,64203,153.298700,78.8467145
Nancy Johnson,54,9329 Anderson Locks Suite 914,Port James,Montana,29960,-55.748185,13.075679
Matthew Bell,77,870 Amy Stravenue,North Dakotaville,Alaska,15711,-139.895518,64.835442
Katie Sloan,44,14210 Moses Centers,West Kathleen,New Hampshire,52464,-143.525652,46.103620
Kathleen Vincent,21,84378 Sabrina Cape,North Mariaville,Delaware,66871,166.605209,-3.0324155
Tammy Shaw,24,6107 Strong Rapids Apt. 101,Davisland,Wyoming,04941,130.762114,-5.1725455
John Hobbs,79,604 Jennifer Plains Apt. 250,West Loriport,South Carolina,59489,37.792004,46.3059185
Nicole Moore,31,94724 Danielle Island Apt. 483,Port Joyview,New Jersey,63521,-66.197368,-60.658938
Krystal Barnes,79,802 Schmidt Harbors Apt. 884,West Samanthafort,Arizona,66586,-52.422190,69.7429475
Dennis Shepherd,39,903 Hernandez Tunnel,Harrishaven,Hawaii,09083,-147.285711,10.3508815
Samantha Anderson,64,85842 Patrick Squares,Powersborough,Connecticut,32909,37.843341,-23.013563
Tammy Brown,61,958 Simmons Mountain,West Karlamouth,Alaska,98595,-137.920289,54.893012
Andrew Cole,79,1640 Molly Streets,Kingberg,South Dakota,65281,30.686939,25.927541
Jennifer Smith,31,984 Garcia Tunnel,Christineview,Montana,38604,-42.379121,-76.9986955
Ashley Anderson,54,183 Katherine Crescent,Jamesside,Texas,44877,117.482122,41.7125635
Rachel Gallagher,50,219 Kim Circles Apt. 666,New Jillian,West Virginia,24738,165.887929,-14.9552715
Michelle Weber,60,42224 Andre Street Apt. 695,North Carolynfurt,Kansas,81245,85.404175,44.5391835
Kristen Moore,26,233 Sexton Route,West Mikaylabury,South Dakota,91926,-50.707491,-39.3142495
Andre Johnson,37,043 Reyes Burgs,North Cameron,Utah,50418,125.490067,-58.1243315
William Cox,74,731 Wyatt Roads,Andrademouth,Wyoming,88130,-103.224184,-28.1376605
Deanna Sims,77,0655 Emily Trail Suite 656,New Amanda,California,24861,-73.964700,5.7944995
Daniel Davis,29,672 Watkins Stream,Port Leeton,South Carolina,21014,-14.741357,-0.541792
Sandra Miller,72,51987 Edwards Ferry,Port Russellside,Missouri,20475,109.376223,46.280678
James King,69,598 Williams Light,South Victoria,Florida,16211,-54.327648,-14.639565
Sharon Johnson,51,629 Bridges Stream,Cruzchester,Tennessee,01656,-146.137791,-23.1353885
Sheila Arias,27,61831 Miller Plains Apt. 460,Josephview,Virginia,80958,45.187270,64.0880875
Teresa Rios,56,1462 Torres Club,West Samantha,Kentucky,87798,-42.828191,-46.299884
Michael Holt,51,698 Juan Roads,New Richard,West Virginia,45591,6.111803,46.805832
Tyler Craig,37,861 Alicia Shoal Apt. 022,Robertmouth,Maryland,26706,81.606859,-78.641455
Andrew Butler,47,267 Gordon Knoll Apt. 331,Lake Sarahton,New York,37435,-99.136822,-16.5963565
April Byrd,72,86962 Brittany Brooks,Sherrytown,Massachusetts,92254,76.794624,-10.421893
Paul Fisher,76,053 Snyder Tunnel Suite 879,Jamesberg,New Hampshire,96896,-63.997563,18.733754
Connie Watson,47,863 Boyle Springs Suite 279,Christianborough,Montana,60865,-142.327694,-79.7284455
Seth Harper,37,523 Monique Avenue,Martinshire,Arkansas,45471,-109.338346,4.762816
Timothy Griffith,52,5341 Hernandez Unions Suite 098,New Linda,Arizona,02120,-131.596279,62.3374635
Jennifer Brown,70,5645 Torres Forges,Michelleborough,North Dakota,48322,86.516909,18.615219
Nathaniel Carpenter,31,79382 Villegas Land,New Natalieberg,Rhode Island,89800,171.925737,13.785757
Ricky Fuller,64,366 Bullock Falls,New Bobby,Wyoming,74454,-73.110284,27.7010445
Ashley Cantu,22,503 Andrew Rapids,Salazarmouth,Iowa,83252,122.037923,-21.6098395
David Garcia,31,975 Sandra Tunnel Apt. 648,Harperside,Tennessee,40800,-18.565400,-42.4978275
Matthew Powell,28,05896 Chase Parkways Apt. 698,Port Ericland,Vermont,63447,-149.825539,-27.461107
Laurie Dodson,47,56230 Heather View Apt. 212,Lake Matthewside,South Carolina,66751,-0.193475,-46.608471
Laura Simon,48,2323 Ryan Crossroad Suite 708,Camposmouth,New Hampshire,85472,126.114711,64.649735
Scott Conner,60,963 Andrew Parkway,South Davidbury,Idaho,71219,-171.354623,-77.441507
Margaret Brady,28,70191 Benson Locks Apt. 650,Christieberg,Tennessee,46654,74.288849,54.0394305
Jacob Bautista,63,2423 Evans Groves,New Lynn,Missouri,27126,6.193484,89.300114
Nicole Powell,25,199 Brown Lakes Suite 423,Ellenbury,Virginia,66119,-142.540762,19.7057755
Tyler Johnson,69,1593 Taylor Trail,South Matthewstad,Missouri,08856,3.544068,-54.439285
Angela Fisher,45,48261 Chris Village Apt. 463,East Nicole,West Virginia,72344,-133.774943,47.592505
Jason Carpenter,80,572 Melissa Shores Suite 381,Port Latoyafurt,California,58206,86.691346,-53.119575
Peter Davis,46,84639 Cynthia Union Suite 998,Gomezville,North Carolina,91845,43.922931,79.5163315
Michelle Christian,35,479 Toni Orchard,East Christopher,Florida,24436,54.749375,-70.149119
Christopher Tran,35,7414 Traci Pine Apt. 450,Port Calvin,Tennessee,89151,1.660209,83.315518
Denise West,53,8953 Richard Flats Apt. 621,North Anthony,Oklahoma,24940,160.777025,-79.3821715
Kathy Hughes,23,094 Byrd Road Apt. 905,North Crystal,Virginia,36774,-162.026532,-50.0882275
Melissa Spencer,75,11309 Hernandez Mall Suite 356,New Heatherberg,Utah,45700,53.667840,-45.825239
Chelsea Green,72,814 Gregory Cliff,Payneshire,Mississippi,69360,-137.398258,-45.174437
Rachel Becker,28,19927 Russell Wells Suite 320,Garciabury,Massachusetts,57171,172.833627,-20.296308
Brooke Salazar,66,5893 Daniel Ramp Apt. 117,Port Elizabeth,South Carolina,53027,-23.609557,-73.9354555
Hailey Blake,61,438 Nelson Vista,South Ruthmouth,Wisconsin,05603,138.372322,25.0234345
Joseph Johnson,45,778 Zhang Junction,South Angelica,Delaware,60876,-22.456700,-54.0811055
John Moon,39,016 Khan Mews Apt. 595,West Melissa,Maryland,18036,-45.781978,29.135453
Erin Carter,68,26700 James Bridge Apt. 721,Port David,Tennessee,41062,80.940734,-29.6804885
Megan Mcpherson,50,5540 Stephanie Lake,Hudsonside,Washington,03859,-133.262412,50.800648
Stephanie Griffith,57,258 Kevin Prairie,New Thomas,Idaho,41648,-168.302413,62.224705
Alyssa Moody,39,84618 Michelle Circles,Port Jason,Louisiana,88173,-118.939461,-45.494576
Robert Nguyen,30,73856 Allen Lane,Lake Jacobmouth,Delaware,98615,24.130009,6.610432
Ryan Donovan,61,0036 Murray Streets Suite 964,Lake Davidfort,Florida,44610,-135.346686,-74.666599
Taylor Stevenson,37,664 Lucas Flat,Lisaburgh,Ohio,23743,-61.827288,14.3145305
Daniel Dixon,41,6796 Short Hill,Chanview,Georgia,18895,-88.533546,45.971830
Helen Reed,24,877 Nancy Groves,Samuelland,Florida,54541,-108.639227,40.882289
Douglas Liu,45,7000 Heidi Street Apt. 895,Michaelside,Nebraska,56442,123.775024,-88.7538845
Felicia Morris,28,6329 Galvan Trail Apt. 474,North Kristenland,South Carolina,63684,63.007155,-58.681154
David Blair,35,2786 Kristen Lodge Suite 599,Lindsaychester,Missouri,37058,55.803135,-1.769850
Michelle Melton,67,75437 Shane Loop Suite 170,Joshuafurt,North Carolina,96103,29.140419,33.721824
Nicholas Richards,53,48996 Kim Pine,Cameronland,Pennsylvania,22431,-69.480151,72.422689
Tara Williams,52,760 Andrew Dale Suite 585,Deborahburgh,Missouri,48439,-17.975464,33.738750
Nicole Riley,75,84959 Snyder Shore,Lorimouth,Alaska,62871,-78.998195,-74.925689
Brian Taylor,53,60279 Jessica Pike Suite 914,Sandraport,Virginia,10248,105.491743,-28.6664725
Tracy Woodard,25,4071 Lisa Isle Suite 255,Port Robin,Colorado,91619,-120.407308,79.7107925
Clayton Liu,75,258 Weeks Manors Suite 494,Katherinetown,Illinois,93578,-136.880384,43.0914895
Claudia Orr,61,3026 Carson Mall,Chapmanmouth,Wyoming,68632,-86.706446,52.2472365
Shelby Gibson,20,002 Robin Plains,Wardfurt,Colorado,35641,-112.177565,82.5589225
Wayne Walter,34,9818 Charles Flat,Lake Vickietown,Oklahoma,29092,160.718128,10.361973
Allison Perry,37,2762 Tyler Circle Suite 901,Briannastad,Indiana,16042,-134.080515,32.975451
Arthur Lee,59,74286 Julie Pine Suite 866,Sonyaborough,Texas,73080,-167.892115,-47.041349
Monica Wilson,55,80992 Robert Square Suite 742,Ryanfort,Ohio,01709,110.505384,-52.969851
Zachary Willis,48,05712 Webb Locks,Whiteshire,Washington,30997,121.401871,74.253078
Paula Jordan,28,219 Snyder Rapids,Cruzview,Maryland,96541,-105.875657,32.9983645
Eric Rasmussen,47,1670 William Forks Apt. 593,Lake Matthewside,North Dakota,09189,-142.276686,-9.5074865
Erin Yoder,59,8287 Montgomery Circles Apt. 026,Johnsonview,New York,37901,100.953584,-43.8818165
Maria Mann,28,01482 Amy Inlet Suite 120,Lake Kyle,Texas,09989,139.877388,-66.240634
Craig Welch,68,671 Terri Pines,Jonesport,New York,76465,119.942666,-72.233515
Tyler Valencia,56,187 Harrison Via Suite 732,Jessicaside,Kansas,00822,36.902820,8.137966
Valerie Mcgrath,52,97882 Marc Mills Apt. 324,West Wandamouth,New York,48166,42.055781,4.617319
Gerald Brown DDS,65,74159 Tracy Valley Apt. 057,Emilytown,Missouri,13450,71.538012,-30.0806605
Megan Jimenez,35,120 Mary Glen Suite 641,East Eric,Vermont,18310,13.610936,43.3488635
Elizabeth Russell,28,8845 Fields Locks Apt. 405,South Jasonfurt,Michigan,78258,-102.269895,-12.406545
Abigail Orr,57,442 Oscar Manors Apt. 305,East Normanbury,Hawaii,84782,153.730402,41.1870265
Brian Taylor,63,51882 Roger Summit Suite 252,Lake Jerrymouth,Oregon,67540,-96.746482,56.0041045
Andrew Liu,24,3058 Megan Plaza Apt. 439,Port Lisa,West Virginia,43402,148.131483,54.2576835
John Diaz,70,277 Natalie Station Apt. 098,Matthewshaven,Texas,07863,74.865622,-66.096858
Alexa Dennis,28,105 Timothy Harbor,Veronicaburgh,Texas,78682,-100.937877,37.238835
Zachary Elliott,54,363 Livingston Glen Suite 750,New Curtis,Missouri,10287,-150.699442,9.812550
Roger Williams,19,93456 Anderson Trail,Lake Jessica,Mississippi,55814,138.714973,3.9924635
Anita Knight,33,17489 Bailey Plaza,Raventon,Wyoming,33630,-133.333914,-48.557755
Maria Griffin,35,9924 Deanna Spur Apt. 098,West Emily,Louisiana,61997,17.640569,-54.876119
Melanie Shaw,56,729 Mary Green Apt. 997,Port Melissatown,Utah,97253,-130.425794,-15.334395
Charles Gay,29,0150 Mark Landing Suite 476,New Robert,Tennessee,62578,-118.037842,-48.206950
Alexandria Miller,38,8772 Romero Orchard,Port Kristinborough,California,36685,42.127676,30.6315955
Andrew Snow DDS,67,848 Perez Mountain Suite 703,East Laura,Massachusetts,21167,104.528112,67.6244595
Destiny Reid,33,9813 Webb Mountains Suite 955,Sheilafurt,Maine,64594,40.449824,-45.8545365
Jessica Diaz,77,20915 Devin Mountain Apt. 572,Melissaport,Michigan,68518,-157.136083,-12.296830
Brittany Davila,71,308 Mcgrath Run,Stephanietown,Maine,40100,-137.694173,-84.494386
Holly Porter,48,0329 James Drive Suite 440,Lake Rebeccafurt,Texas,70694,116.540436,-49.4425725
Jennifer Spencer,58,80913 Calvin Pine Apt. 727,Patrickton,Oregon,98606,85.835528,36.5432315
Stephanie Armstrong,46,46217 Donna Tunnel,Lake Mike,New Hampshire,89403,-50.852903,80.2788495
Sandra Moss,62,621 Cole Points Apt. 008,New Brianfurt,Idaho,77655,15.864348,-68.1959355
Erik Parker,23,8756 Kenneth Causeway Suite 044,Rachelburgh,Alaska,98900,-45.095524,-37.276809
Pam Wilson,65,3843 Ward Grove,Colleenburgh,Delaware,71543,36.892021,-15.5342425
Eric Chaney,75,6442 Jenny Village,Anthonyton,New Mexico,44377,30.102038,42.2840005
Edward Murphy,76,91636 Christina Rapids,West Randyside,Texas,48418,-142.513867,-77.532026
Katie Mills,48,63553 Torres Dam Suite 814,Sharonmouth,New Hampshire,51399,169.903364,-34.7394115
Jennifer Coleman,18,54637 Burgess Lock,Wyattchester,South Carolina,23426,56.740224,-36.604462
Mitchell Hernandez,35,78609 Sherry Cliffs,Snowfurt,Wyoming,81816,-159.523741,70.664588
Luis Ashley,66,917 Alan Spur,Lake Aaronbury,South Dakota,65079,16.182353,46.7898635
Joyce Miles,35,491 Castro Flats Apt. 676,Michelleburgh,Minnesota,42993,101.921234,78.154715
Jose Reynolds,49,43264 Robert Gateway Suite 303,Heiditon,Texas,32904,-138.832950,-28.814192
Katie Watkins,27,856 Vicki Shoal Apt. 723,South Davidland,Alaska,13681,156.570063,88.242202
Ann Frederick,62,8020 Roy Knoll,Lake Gregorychester,Washington,43575,103.791387,-87.998120
Dr. Terry Cortez,33,567 Mary River,Josephborough,Nebraska,95388,-125.315807,-46.423145
Christopher Arias,32,559 Kimberly Coves Suite 336,North Danielle,West Virginia,87813,-143.503658,-53.322432
Jose Garcia,32,680 Ward Lakes,West Amyborough,Pennsylvania,52632,-71.459188,21.3982565
Carmen Moore,41,41067 Robbins Field Suite 644,West Calebborough,Mississippi,56534,91.616086,22.319957
Melissa Anderson,72,1954 Ruben Estates Apt. 488,East Robert,Pennsylvania,44478,96.884829,25.063458
Taylor Kim PhD,50,3105 Julia Spurs,North Steveton,Illinois,21206,-36.429710,45.1579355
Sarah Villarreal,58,967 Castillo Circle,Port Ashleyberg,Rhode Island,79972,129.592575,-88.569184
Dr. Zachary Perez,49,14309 Melanie Shore,South Christopher,New Mexico,66606,99.625544,8.049412
James Forbes,36,0999 Michele Estate Suite 086,Fishermouth,Maine,91105,55.712080,-28.7433385
Amanda Morrison,43,8764 Harrington Port Apt. 521,Garciaville,Wyoming,36712,-151.293892,9.520252
Stephanie Carter,40,7397 Miller Squares Suite 118,Hollowayberg,Kentucky,09472,161.995229,-80.614956
Eric Williams,25,8594 Matthew Camp,South Mackenzie,Kentucky,76045,8.086815,74.0308165
John Williams,34,88370 Jackson Square Apt. 232,East Angela,Maine,84867,159.254912,-35.650524
Timothy Hogan,51,1518 David Way Suite 662,Haysshire,South Carolina,62779,59.788408,-33.201703
Justin Jones,77,43128 Kenneth Views,Taylorhaven,Indiana,68283,-14.659283,87.9539985
Jason Melendez,51,779 Holland Haven Apt. 428,West Robertville,Wisconsin,30662,74.182081,-14.4121945
Zachary Schaefer,29,52699 Aaron Cliffs Suite 018,Valeriefurt,Hawaii,21184,-162.941249,20.190898
Emily Watson,30,69282 Brianna Lakes,Mitchellstad,Arizona,11565,173.771396,87.2418985
Amanda Gray,52,612 Eric Ridges Suite 738,Lake Cassandraburgh,New Jersey,97856,-27.993455,-58.433816
James Kim,46,1518 Guerra Center,Port Suzannefort,Tennessee,53949,144.124842,-45.086854
Alyssa Ibarra,32,0514 Adkins Parks,Beckerchester,Hawaii,26127,148.947755,-87.356403
Laura May,67,449 Jeffrey Station Apt. 372,Kathleenfurt,Wyoming,49890,-79.331789,31.067874
Brittney Pitts,45,89146 Melissa Views,Port Kevinberg,Iowa,83470,-23.943888,80.1281985
Roger Nash,33,65814 Brandon Crossing,Christopherside,Utah,73307,-1.497545,35.880945
Amy Frye,37,6404 Luke Lock,Brianshire,Arizona,78057,-25.861370,25.6726955
Nicholas Massey,55,590 Kyle Shoals Apt. 455,Danielleborough,Georgia,21310,75.482786,87.3929975
Ryan Fernandez,79,9370 Petersen Mills Suite 555,Stevenfurt,Massachusetts,91093,154.974688,46.201450
James Conner,51,460 Figueroa Haven Apt. 247,Robertoport,Maryland,93730,-32.712461,-71.2370375
Dr. Evan Adams MD,34,6331 Melanie Heights,Lanefurt,Montana,18325,-19.917548,-24.766717
Tina Snyder,36,0399 Ford Via,Pettyfort,Oregon,55390,158.197790,-42.736691
Vickie Dominguez,36,233 Hurst Trail Suite 844,West Elizabethland,Maine,84953,-43.701328,-3.649403
Peter Ray,43,217 Anna Land,New Johnfurt,Florida,22662,-75.188754,-21.693164
Brian Griffin,35,56260 Brian Stravenue,Port Megan,Missouri,14083,-59.427456,-6.7466325
Judy Neal,59,3857 Villanueva Squares,West Stephaniebury,Kentucky,41350,61.795098,26.043182
Carla Owens,25,99710 Robbins Burg,Harveystad,Virginia,86073,-86.039113,44.829387
John Rogers,66,99512 Fowler Fields Suite 327,Port Jonathanshire,Massachusetts,24707,99.360552,-62.193678
Robert Anderson,66,660 Erica Course Apt. 689,Lake Gregorybury,California,73174,-109.611489,52.451956
Ashley Kaufman,47,285 Ryan Mill,Cooperton,California,16838,59.003448,40.725326
Mary Richardson,46,69286 Garcia Island Apt. 943,Johnsonview,Washington,93343,-68.572516,31.9416705
Michelle Park,52,3704 Tiffany Locks Apt. 658,West Haroldview,Pennsylvania,84794,-91.645773,-17.875792
Amy Barrett,80,24560 Michelle Squares,Ericabury,Montana,08443,-162.472196,55.8569685
Whitney Hanna,25,1161 Steven Cliffs Apt. 895,Collinsport,South Dakota,28915,153.362104,-31.521917
Logan White,47,00027 Kathy Ports,East Samuelland,New Mexico,02352,75.429683,60.6973345
Christina Martinez,36,128 Lisa Summit,Haleshire,Tennessee,64761,151.904147,-27.553818
Ashley Chapman,43,1578 Vazquez Road,Robersonfort,North Dakota,45552,-171.736751,-65.797536
Bradley Anderson,73,8744 Logan Viaduct Apt. 334,Hollandview,North Dakota,83282,-136.979209,-82.2404895
Adrian Schwartz,18,4986 Lynch Mountain,Lake Jameschester,Arizona,17701,-152.515794,38.188841
Victor Thomas,76,2057 Danielle Ramp Apt. 083,Bellshire,New Hampshire,83724,24.346521,-33.736639
Mrs. Laura Lopez,33,302 Wall Island,New Ashley,Wyoming,46307,-22.242547,42.717407
Kyle Mckenzie,68,14390 Wallace Extension,Meadowshaven,Georgia,80788,108.502159,-26.8976175
Kristen Thomas,45,03221 Valerie Villages Apt. 686,Lake Ashleyland,Iowa,93823,-99.068083,-52.493386
William Richardson,71,779 Long Run Apt. 996,Hallburgh,Hawaii,35992,-111.948383,48.8665865
Brittany Dennis,33,76567 Wilson Fall,Christinetown,Vermont,67886,-115.452994,27.401878
Colleen Fox,64,264 Hall Track,Lake Derekberg,Oklahoma,07536,-60.388555,-78.4378095
Luis Rivers,44,713 Graham Center,Hollyfurt,Colorado,99393,-178.690987,-31.031876
Henry Dunn,32,947 Nicole Valley,Lake Lisa,West Virginia,85482,48.706192,-84.059239
Dana Wolf,70,64797 Kevin Port Apt. 241,Campbellberg,Illinois,39839,151.229414,-32.001720
Annette Riley,52,6855 Anthony Oval,Lake Emilystad,South Carolina,78863,-98.090640,12.416217
Casey Barker,78,97829 Fowler Isle,South Ericfurt,Minnesota,55397,88.727479,11.606225
Jacob Wells,54,3022 Terri Land,Port Michael,Oklahoma,66976,103.296283,-23.8570415
Jennifer Conley,50,760 Robinson Mill Apt. 923,Morenoview,Kansas,49088,-76.170251,-59.7502015
Nicholas Ray,43,436 Bishop Lodge,North Juan,Colorado,74893,163.303590,-88.8796615
Edward Roberts Jr.,62,7512 Doyle Estates Suite 886,North James,Montana,59300,134.393533,60.197793
Robert Nelson,64,9684 James Courts Apt. 804,North Bradleyfort,Indiana,55192,29.435520,-24.304070
Karen Stevens,76,36063 Thompson Prairie,South Richardville,Wisconsin,57493,110.185779,-41.798464
Cynthia Lee,29,13627 Penny Spring,Davisfurt,Mississippi,09507,-20.910161,-47.411003
Brenda Smith,35,843 Jeremy Forges,West Kim,Maryland,74057,15.488811,-9.8418445
Bryan Buckley,55,1906 Sherman Mountains Suite 967,Lake Bradleyland,Washington,86550,37.903194,-6.0100875
George Haynes,68,3746 Sean Turnpike Apt. 717,West Wendyport,Colorado,87938,19.792424,55.1752135
Clifford Smith,70,111 Chase Groves Suite 393,East Sandra,Washington,73799,54.497367,40.7612425
Gary Kim,44,0902 Michael Mountain Suite 068,West Andrea,Texas,71686,-71.824778,-44.109142
Sarah Morrison,55,64543 Bianca Stream,New Michaelborough,Florida,44280,154.373622,9.0908545
Dana Quinn,68,630 Jason Highway Apt. 497,Englishbury,New Jersey,27903,77.700291,17.4208315
Charles Stephens,72,484 Peterson Trafficway,Nancychester,Ohio,46849,38.991211,84.809734
Maria Taylor,55,764 Clark Throughway,Port Paul,Alabama,68642,48.450944,-74.5245065
Linda Foster,64,8678 Rachel Circles Apt. 506,Markstad,Hawaii,23722,-2.478522,-81.6858865
Rita Chambers,40,627 Gregory Fords Suite 494,Lake Michaelside,Wyoming,35981,-130.606927,-10.0321425
Andrea Wyatt,56,370 George Walk Apt. 314,Michaelchester,Utah,14749,142.728522,81.4141155
Jeremy Ball,22,38297 Hahn Plaza,Victoriamouth,Rhode Island,70183,82.617400,-1.192976
Sharon Hale,40,1013 Henry Cliffs,New Amanda,Arizona,26705,-38.266580,11.976868
Laurie Carter,50,545 Christopher Skyway,Rodriguezside,Kentucky,83821,99.079764,-47.1501625
Holly Singh,61,20727 Becky Points,South Mary,Iowa,01979,31.147621,-81.4776345
David Maxwell,19,0448 Maria Locks Apt. 540,Romeroland,Tennessee,96473,6.158942,-45.452544
Mary Smith,49,9800 Lori Crescent,Lake Kyle,Texas,49683,136.630512,60.729207
Erin Thompson,23,041 Bailey Plains,Lake Daniel,Indiana,72735,139.310143,-81.500533
Stephen Mitchell,76,0204 Dalton Pass,New Lukeview,Pennsylvania,17174,72.184796,15.643939
Matthew Taylor,44,169 Anthony Landing Apt. 880,Lake Lynn,South Dakota,55706,-144.514700,-68.883023
Nathaniel Gonzalez,39,87457 Catherine Common,Rebeccamouth,Connecticut,89281,-166.446516,78.4381525
Thomas Gonzalez,35,925 Teresa Trace,Jamesville,Virginia,86101,-179.533127,-76.0811105
Kelly Bush,59,231 Ruiz Point Apt. 349,Christinebury,Washington,62562,93.829608,-75.936932
Sarah Flores,80,1226 Claire Stravenue,West Markville,New Jersey,22213,-74.429836,8.7646695
Andrew Reed,32,246 Griffin Junction Apt. 811,Timothyport,Delaware,80901,70.269249,1.4169305
Sarah Martinez MD,49,130 Rubio Knoll Apt. 037,Jacquelineton,Virginia,40643,-144.323714,16.154654
Joseph Webster,70,6306 Victoria Rue Suite 144,East Nicole,Michigan,82896,-138.896144,29.5864495
Meghan Lawson,47,97515 Kevin Springs,East Allison,Pennsylvania,33623,-125.297018,-62.183303
Laura Bowers,31,3580 Wu Green Suite 625,New Regina,Delaware,87747,-127.838640,-61.769013
Dawn Horton,19,265 Ramsey Mountains,East Frederick,Louisiana,66030,-134.763577,-50.0271825
Destiny Ballard,66,077 Kelly Locks Suite 388,Port Alexis,Nebraska,43492,178.750900,-75.953083
Adam Walters,33,143 Richard Springs Suite 140,New Sarahaven,Montana,60228,-13.334056,59.1730625
Michele Barry,23,1777 Collins Walk,Micheleville,Montana,53097,-177.450586,55.739209
Dominic Gonzalez,56,1494 Ellis Way,Lake Bradleystad,Indiana,02478,29.256177,44.3065105
Albert Wang,45,11841 Sandoval Fork Suite 304,Wallland,Washington,46520,84.382975,1.026903
Katie Acosta,38,8654 Nicole Common Apt. 964,Brandontown,Arizona,77411,42.938500,-26.9788435
Jenna Freeman,51,671 Burnett Cliffs Apt. 368,Lake Jill,Tennessee,38297,-59.508067,40.0914855
Robert Wright,74,15450 Reeves Groves Suite 327,Ortizside,Arizona,40506,49.279397,78.1291145
Yolanda Hubbard,56,221 Holly Field,West Stacey,New York,15873,-18.685251,68.1344285
Ms. Kristen Bennett,52,006 Ramirez Roads Apt. 038,Gardnerborough,Georgia,77877,21.867232,-56.494939
Kristine Sims,64,4530 Amy Burgs Apt. 562,Port Anneshire,Indiana,31688,-67.932579,6.7890215
Brianna Wells,80,7554 Carrie River Suite 609,Lindaside,Utah,50269,113.713356,35.6462165
Jonathan Thomas,42,339 Linda Branch Apt. 898,Lake Shawn,Kansas,34797,22.560018,-44.849062
Sarah Quinn,57,989 Raymond Divide,Castillotown,Alaska,10437,73.281292,50.1668965
Nicholas Buckley,68,0474 David Mews,Jefferymouth,Ohio,72428,-158.371978,39.1451185
Dana Hawkins,22,385 Brooks Land Apt. 400,Kaufmanland,Montana,32906,-163.549467,8.6778445
Jason Lee,67,606 Shawn Hollow,North Whitney,South Carolina,10008,-84.477440,2.9853285
Jonathan Powell,28,561 Kenneth Parks,Benderton,Vermont,08162,131.275941,47.8971025
Jessica Nguyen,23,273 Molina Points Suite 119,South Teresaborough,Vermont,98309,-122.336495,24.0142055
Sara Reyes,43,804 Bradley Plains Suite 972,North Hollyside,Minnesota,54597,155.654364,-14.186315
Jessica Guzman,20,3471 Heather Prairie Apt. 374,East Cassiestad,Mississippi,24688,69.804258,-4.789351
Garrett Williams,69,8435 Herrera Lights Apt. 150,South Edwardville,New Jersey,83049,102.718894,80.8776335
Robert Lane,33,7198 Gomez Glens Apt. 668,West Mackenziechester,Kansas,74376,13.454566,63.663742
Timothy Moreno,36,604 Mosley Drives Suite 255,East Claudiamouth,Georgia,25805,38.062013,11.4788765
David Smith,66,4543 William Plain Suite 362,West Manuelburgh,Utah,60970,150.987933,41.4990695
Bruce Dean,45,14106 Glenn Spurs Suite 787,Lake Annettebury,Arizona,98061,-70.061186,-3.680031
Jason Martin,38,5016 Perry Mount Suite 949,South Anne,North Dakota,58838,-132.537737,43.4326745
Donald Armstrong,51,66042 Martinez Pines,South Holly,Florida,97805,-102.431761,-29.9230115
Victoria Jackson,37,609 Julia Trail,Davidfurt,Kansas,04959,109.290671,57.8900675
Laura Velasquez,48,5185 Heather Ports,Richardsonbury,Georgia,33017,79.564292,78.0093155
Christopher Cooke,20,0399 Richard Locks,Port Jesse,Missouri,76895,16.345690,70.678734
Rodney Mann,64,7620 Allen Row,Woodsstad,Indiana,77202,-32.279916,-0.823144
Michael Watson,40,01874 Cohen Fall,Lake Joanne,Michigan,27310,34.320685,77.637704
Jason Ward,34,21238 Hicks Motorway,West Alexandraville,Wyoming,14993,162.049921,82.3934915
Kurt Jensen,60,07030 Brittany Drive Suite 651,East Frank,South Carolina,88389,34.737111,-51.4801115
Tim Wright,60,5919 Waller Heights Apt. 566,Lake Josephshire,Nebraska,26954,-149.444126,-35.820010
Emma Hutchinson,37,5345 Landry Summit Suite 216,Lake Christopherville,Utah,61191,125.534711,-62.566811
Courtney Hunt,79,9967 Theresa Mills,New Tylerberg,Wisconsin,69083,105.252587,77.0546845
Kathy Gonzales,18,46915 Meyer Mountain Apt. 765,Kristenberg,Texas,98707,64.210615,-80.372758
John Quinn,63,8244 Chelsey Gateway Suite 379,Navarroborough,Massachusetts,33681,146.797468,-82.9878555
April Garcia,23,5841 Johnson Common Suite 460,East Katelyn,Iowa,94126,-99.158540,70.3581875
Stephanie Lewis,30,441 Rivera Gardens Apt. 912,South Ashleyville,West Virginia,01999,178.506081,-26.793133
Bob Morgan,31,282 Marco Ford Suite 200,New Sandrashire,Colorado,62582,-136.858288,-88.856593
Rose Thompson,45,6802 Harrington Ridge Suite 312,Sanchezbury,Maine,36520,77.692585,85.3892495
Andre Lee,69,0671 Gordon Drive,Riceberg,New Jersey,62008,148.656063,-19.6137515
Caleb Parrish,33,365 Walters Tunnel Suite 494,Port Meganfort,South Carolina,66892,-40.468029,-57.746067
Sarah Brock,61,50775 Jones Parkway,Arellanoburgh,New Mexico,75261,97.316799,83.6348575
Jennifer Stewart,32,248 William Loaf,Harrellview,Missouri,21376,116.392649,71.6630245
Lori Allen,79,7433 Mackenzie Stravenue,North Lisa,New York,59366,-86.556244,30.6722875
Lauren Ayala,76,323 Noble Grove Apt. 084,Ericatown,South Carolina,54954,-21.486292,-79.815247
Tiffany Zimmerman,33,782 Wells Dam,Lake Christopher,Illinois,49590,70.153874,-23.914817
Melissa Mercer,24,36779 Meagan Prairie,Theresaberg,North Carolina,78979,47.819160,-37.408297
Nichole Patrick,51,114 Chen Cliffs Apt. 240,New Allisonport,Arkansas,53236,173.027690,-68.754635
Diane Robinson,54,557 Lee Streets,Port Emily,North Dakota,52763,137.806973,-57.116891
Mary Williams,78,67205 Melissa Forks,Richardfurt,New York,21673,114.005882,40.7858135
Joseph Rivera,49,791 Anthony Square Apt. 679,Montgomerytown,Arizona,63665,127.108147,-41.1109485
Richard Lowery,64,743 Chang Mews Apt. 061,Riveramouth,West Virginia,85496,5.472359,29.534915
Charles Watson,49,185 Cunningham Ville,Port Heather,Georgia,12073,141.732775,-59.4865365
Rebecca Hawkins,23,527 James Ville Apt. 412,Lake Kevinborough,Utah,65947,64.018206,-25.157120
Noah Davis,72,4918 Fisher Forge,South Zachary,Massachusetts,03141,116.718595,-17.337892
Craig Morgan,22,25343 Ronald Plains,Port Shawn,Arizona,30448,169.056042,-30.2188805
David Matthews,50,15586 Stephen Pike Suite 219,South Linda,Maine,55786,-64.648510,29.4212665
Walter Frye,75,787 James Hill Apt. 320,Dennisview,Georgia,53786,-78.595396,20.5413685
Derrick Reynolds,46,846 Ann Spur,New Jeffrey,Oregon,04639,-22.745431,-56.5090125
Sara Collins,66,831 Zachary Ville,Fordstad,Mississippi,53277,54.302254,-44.257488
Kyle Lee,71,23337 Howard Dam Apt. 061,Johnview,Tennessee,80899,102.250726,-33.818915
Cody Blevins,51,07335 Stephanie Terrace Apt. 834,West Ashleyburgh,North Dakota,40944,15.296606,-21.980857
Brian Smith,32,7968 Wright Street,New Alexanderport,South Carolina,51600,-90.686372,-57.229572
Ashley Reeves,45,690 Nathan Flat Suite 010,Samanthaland,Nebraska,37255,154.236393,10.6778205
Douglas Foster,43,876 Billy Burg,Brendamouth,Michigan,15914,75.885329,63.001696
Craig Stewart,60,24145 Rhonda Ranch,Parrishside,Maryland,46175,142.835546,-16.437375
Christopher Beard,71,2831 Smith Manor Apt. 108,Port Kyleside,Arkansas,07177,24.319278,40.128558
Justin Adams,54,2246 Garcia Gardens,North Brettton,Arizona,48452,-2.074085,-2.307350
Wayne Williams,18,904 Russell Green Apt. 715,Reedmouth,Oklahoma,35941,-77.927462,-89.0717715
Gregory Harris,27,17265 Morris Fall Apt. 265,West Christopher,Alaska,44821,-18.326384,73.7813845
Madison Carter,72,6330 Debra Run,New Jacquelinestad,Oklahoma,87749,85.227022,63.0302865
Megan Hughes,31,256 Angela Estates,Hamiltonhaven,Florida,67085,-91.863723,35.1618825
Joanna Hobbs,36,87130 Kelly Plaza,Christinemouth,West Virginia,70347,-33.661266,-86.090383
Christopher Gentry,74,8036 Pacheco Trail Apt. 439,Jameschester,North Dakota,39760,-129.210817,33.6492445
Susan Wallace,30,11258 Conley Glens,Port Denisefurt,Wyoming,11210,62.475026,16.857193
Amber Nguyen,72,1201 Johnson Shore Suite 399,Lake Philliphaven,Montana,92975,35.711563,-71.6355865
Richard Perry,69,04922 Vargas View Suite 640,New Christopher,Connecticut,60789,-81.341510,89.921199
Michael Stokes,45,99451 Alison Tunnel,West Jillside,Kentucky,10734,178.527054,-78.9197095
Henry Davis,39,053 John Spring Suite 039,Port Samuelport,Florida,92114,-70.245432,-55.771460
Susan Case,71,432 Eric Walk,Collinsside,Tennessee,20938,-109.941082,-80.4969955
Kelly Alexander,27,56356 Bradley Ways,Campbellborough,Arkansas,44852,9.427561,26.298899
Monica Garcia,70,5725 Cardenas Mountains,Justinville,California,87683,-58.098608,-46.6725255
Mark Watkins,20,30682 Matthews Mall,Theresafurt,Kansas,09288,-131.253129,-53.181264
Megan Smith,66,1709 Henry Shoal Apt. 268,Robertsview,Missouri,85326,-81.351276,41.0052745
Michael Jones,56,2193 Stafford Square Suite 189,Allisonville,New York,08038,-111.586293,20.094083
Jeremy Johnson,21,1018 Jeffrey Ways Suite 114,South Amy,Alaska,89821,-103.343995,-48.9106815
John Velasquez,28,02166 Jeffrey Rapids,Port Matthewhaven,Pennsylvania,17569,-128.872287,30.613738
Jason Miller,47,1742 James Cape Apt. 051,East Travis,Hawaii,29885,-68.739302,-65.389912
Aaron Schmidt,58,25262 Anne Village,Thomasport,Massachusetts,34699,-151.736768,-10.619016
Chelsea Bennett,60,6901 Dean Parkway,Craigborough,West Virginia,28690,45.860057,45.9735985
Brian Lucero,74,871 Kathryn Garden,New Theresachester,Montana,22209,7.463768,-85.1656835
Steven Bryan,75,3278 Michael Falls,Johnsonchester,Wisconsin,46383,-153.695027,0.2633505
Kendra Crosby,68,573 Steven Prairie Apt. 448,New Jason,Washington,35792,24.886629,76.213334
Amy Obrien,24,06998 Alvarado Mountains Suite 535,Port Michelle,Tennessee,28356,18.264095,37.809789
Jason Reed,37,48191 Johnson Heights,South Kimberlytown,Minnesota,74723,3.796242,29.7058045
Debra Taylor,31,563 Alexander Islands Apt. 329,New Briantown,New York,02377,-117.117697,5.293779
Ashley Gilbert,51,91748 Davies Drives,Watkinsbury,Texas,14492,66.048252,-29.8952315
Shelia Mann,53,99338 Cross Curve,South Danafort,Texas,99392,-52.512255,82.705222
Antonio Wall,35,449 Johnson Prairie Apt. 155,Moralesshire,Massachusetts,47590,130.975906,82.720520
Zachary Hawkins,49,847 Colon Circles Apt. 987,East Bruce,Indiana,26061,-61.865451,58.9804025
Tammie Hubbard,37,9234 Brendan Shores,Leonardmouth,Ohio,37468,160.714699,35.962099
Omar Reed,36,01998 Burns Parks Apt. 544,East Jasonville,Alabama,80020,96.029711,-30.815297
Jacob Morris,39,63759 Salas Glen Suite 225,New Robert,Arizona,56006,176.419959,7.448497
Jacob Hernandez,48,76321 Kelly Falls,North Bradymouth,Utah,17791,61.037246,-60.059744
Charles Dennis,69,571 William Squares Apt. 165,West Melissa,West Virginia,27666,137.546866,-67.7408305
Megan Ross,69,906 Weber Mountain,South Scotttown,Arizona,80435,-85.156717,-48.8119065
Kylie Moore,44,870 Lauren Corner Apt. 227,Lake Anthony,North Dakota,42500,35.753656,43.4215025
Samuel Pollard,22,978 Rivera Drives Apt. 743,North Lindaborough,Kansas,77336,-164.185776,-14.406938
Jason Bradley,75,4774 Wilson Mountain Suite 772,Jenniferborough,Ohio,06288,150.397428,-53.192071
Teresa Escobar,49,04161 Pamela Junction Suite 951,Oliviaport,New Jersey,61974,50.139308,29.334149
Robert Pittman,55,37266 Latoya Village,Jenniferport,Florida,59780,2.474640,85.235588
Pamela Owens,46,36620 Martinez Isle Suite 124,Port Michaelberg,Vermont,17672,10.018637,87.8286395
Breanna Brown,61,24769 Christina Gardens,East Heatherchester,Washington,74648,-25.893499,-8.7522945
Monica Ramos,68,744 Pacheco Run,Danieltown,Connecticut,81441,-65.763511,-61.2014745
Shannon Gray,24,503 Green Dale,Millermouth,Mississippi,68387,-13.080145,-19.069327
Francis Harris,37,89567 Sullivan Glen,Herrerastad,South Carolina,41695,-55.977310,-60.6165575
John Zuniga,53,670 Fletcher Creek,Caseyberg,California,98187,-62.471694,-82.148976
John Choi,41,6681 Molly Brooks,New Daleborough,Washington,19395,159.125231,-37.2491605
Jeremiah Jones,52,0894 Timothy Station Suite 256,South Jessicahaven,Vermont,73633,-160.246823,-27.028104
Ann Mcknight,42,721 Harris Light,South Anthony,Rhode Island,79662,-109.212912,38.996439
Christopher Jackson,72,0118 White Lane Suite 087,Graymouth,South Dakota,21952,111.598546,-75.583897
Gene Wood,67,23340 Joseph Harbor,Lake Caitlinton,Pennsylvania,34275,40.814168,-46.1243875
Tyler Ross,77,797 Hansen Hill Apt. 211,Michaelmouth,Vermont,25448,-151.713871,-24.121659
Richard Horn,30,909 King Row,Conleyton,Indiana,84381,-75.258604,-4.1691565
Connie Dominguez,39,2303 Sanchez Lane,Lake Nicoleside,Kentucky,97513,81.745776,15.9468105
Gary Evans,31,72481 James Unions,Harrisonhaven,Kansas,37597,45.417920,-60.289360
Elizabeth Brown,65,155 Vanessa Pines Apt. 052,Jasmineview,Hawaii,09841,61.817074,80.6459375
Adam Hayes,22,296 Hogan Circles,New Antonio,South Carolina,90127,-85.598901,-21.731764
Susan Johnson,68,59049 Joel Fall Suite 979,Amandaberg,New Hampshire,23402,45.443627,89.764185
Christopher Barnes,58,19686 Troy Village Suite 459,Kelleyview,Tennessee,89610,15.525989,-69.586308
Diana Lawrence,30,575 Bauer Square,Natashastad,Delaware,15522,35.183664,34.0035945
Stephen Luna,19,19778 Michael Orchard Apt. 108,Robertsshire,Idaho,40934,155.868899,-42.881863
Christopher Kennedy,66,998 Angela Freeway Suite 570,Port William,Colorado,39191,-156.077918,78.440228
Pedro Taylor,54,3495 Austin Harbors,East Lindafort,New Mexico,68234,-112.799827,81.010706
Alfred Flores,30,5683 Jones Mill,Leeshire,New York,13523,-14.504507,75.291561
Natasha Smith,67,974 Jennifer Place Suite 445,Amandaville,Delaware,29500,-12.234682,-61.0633625
Amanda Lopez,51,9009 Jones Parkways,Brianmouth,Alabama,39831,-116.104635,17.875405
Nicole Gibson,73,410 Stevens Road Suite 358,Jasonland,Washington,85019,-90.318911,69.2119775
William Odonnell,80,4873 Patton Viaduct,New Lawrence,Connecticut,33678,146.118186,73.8090195
Samuel Jones,23,1870 Allen Street,Clarkchester,Maine,85320,59.197028,79.743575
Anthony Solis,49,4569 Ramos Path Suite 721,Williamsfort,Massachusetts,17374,-45.146543,36.745749
Eddie Calderon,58,8887 Ryan Square Suite 627,Smithside,Iowa,34925,-102.411634,68.966203
Alexis Mack,67,71632 Joshua Vista,East Troy,Hawaii,30486,136.052329,73.7803105
Miss Amanda Smith,72,551 James Bridge Suite 459,Lake Nataliefort,Washington,50436,68.253982,71.6590685
Michele Thomas,47,024 Hopkins Burgs Apt. 412,North Seanville,Hawaii,05807,54.874319,-18.4383745
Steve Lee,28,155 Combs Junction,South Claudiaborough,Kentucky,21513,-52.739040,40.1600225
Sheila Parker,23,24854 Ramirez Street Suite 488,Danielsfort,Indiana,91318,73.026287,-79.2954085
Kevin Reid,54,269 Levine Cape,Lindatown,Illinois,45144,-44.481909,-46.4320335
Amber Hamilton,56,63306 Jimenez Junctions,Jacobsonview,Louisiana,84779,142.171098,-49.0199835
Melanie Lewis,41,90157 Wilson Vista,New Jenniferside,New Jersey,19150,-1.128655,79.737295
Crystal Morris,60,67610 Jared Drive,Juliechester,Mississippi,63010,170.538046,-44.212217
Benjamin Rodriguez PhD,69,275 Stuart Landing,East Scottchester,South Carolina,26760,150.718332,38.7361285
Michael Barr,19,2111 David Extensions,Lake Lauraville,Louisiana,70847,119.572942,77.3666415
Lindsay Ward,64,54816 Jason Crossroad,New Phillip,Pennsylvania,80894,-122.043400,-41.2311225
Tracy Moody,80,098 Wright Village Suite 733,Davidsonshire,Arizona,14679,-51.613547,2.766895
Heather Watson,21,2008 Flores Ridges Suite 932,South Scottland,Kentucky,73185,8.784661,14.3094635
Alexandra Smith,23,453 Robert Spring Apt. 773,South Lisaville,Texas,31940,-161.640627,-11.750491
Jared Bradley,50,5182 Ashley Squares Suite 674,Carrilloshire,Arkansas,63451,-167.719084,58.261152
Tracy Garcia,29,245 Daniel Knoll Suite 640,Calebchester,Delaware,05512,-146.977190,62.2298515
Kathleen Johnson,72,657 Thomas Tunnel Apt. 222,East Stacychester,California,40996,30.761884,-42.172859
Dylan Clayton,58,22587 Logan Centers Apt. 489,Briannaburgh,Arkansas,86450,-56.896315,-30.359025
Ruth Smith,30,397 Cameron Forks Suite 052,Lake Carlos,Mississippi,76862,133.610521,-69.4754525
Andrew Garcia,46,246 Gray Via,Port Margaretland,Connecticut,60953,10.490708,-66.5517455
Gregory Weaver,28,63688 Zachary Prairie Suite 097,Josehaven,Massachusetts,43286,-138.821612,-74.6196305
James Anderson,45,64606 Stephen Terrace Suite 853,North Natalie,Georgia,51491,15.686570,-12.284219
Melissa Joseph,68,3901 Weber Points Suite 454,West John,Colorado,75208,-133.493517,0.763334
Matthew Gonzales,18,179 Christian Plains,South Charlesland,Vermont,17336,137.828260,31.1017775
Amy Lewis,38,5178 Holland Common Suite 023,West Monicaberg,Minnesota,72085,-39.697540,-66.569550
Alvin Ballard,35,468 Jackson Bypass,Jamesmouth,Illinois,07755,-169.166190,7.6561765
Jessica Brock,31,514 Teresa Parkways Suite 903,Josephfort,New Mexico,75552,97.043667,-70.8156545
Steve Clark,27,957 Jennifer Trail Suite 120,Lake Mark,Connecticut,58530,-80.358570,14.4269195
Michelle Nicholson,72,7241 Theresa Ridge,North Ryanberg,Hawaii,23881,-175.784438,0.796230
Stephen Brown,60,2473 Andrew Crossroad,West Jennifer,Maine,68402,67.366050,-26.9650555
Raymond Kaiser,80,168 Gardner Grove Apt. 951,Kellyview,Maryland,09949,151.178401,13.578909
Joshua Horne,71,49129 Berry Hollow,Lake William,Nebraska,56318,22.762955,21.3661135
Brenda Foster,51,93321 Michelle Circles,Denisefort,Colorado,12475,0.368620,-38.4214245
Jessica Austin,29,746 Gregory Well Suite 816,Cervantesfurt,New Jersey,47733,114.236251,-23.403810
Gregory Bonilla,49,40134 Rivera Path,Port Juan,California,45408,-75.425308,66.0494855
Christina Hanson,63,952 Garrett Stream Apt. 558,New Benjaminville,Nevada,59691,-113.772328,-57.2015555
Carlos Howe,22,02982 Jennifer Glens,New Ronald,Kansas,27755,-45.259790,-67.710347
Richard Jackson,67,193 Padilla Crescent Suite 492,Vanessaborough,Rhode Island,23390,-53.501658,5.8740475
Jason Ross,53,1445 Samuel Ford,Port Megan,New Hampshire,25479,72.939077,32.048527
Angela Rodriguez,25,68948 Michael Stream,North Janetown,Alabama,40126,-52.317790,-21.304539
Michael Ruiz,23,2912 Smith Shoals Apt. 070,Garrettland,New Mexico,81863,94.736593,42.163477
Summer Sullivan,39,59265 Elizabeth Street,Lake Eric,California,45027,-14.565828,8.571646
Mark Frazier,49,58617 Donald Camp Apt. 489,West Justin,Delaware,54746,69.718368,-62.698447
Lauren Taylor,68,791 Paul Throughway,Wayneview,Oklahoma,48384,20.030518,-54.481208
Michelle Wilson PhD,53,41831 Martin Lodge Apt. 935,Suttonville,North Dakota,78836,89.145375,19.6447435
Anna Thompson,59,042 Peter Flat,Mackton,Nevada,64032,28.509624,-23.171551
Megan Heath,23,8227 Kyle Crescent,North Michael,Oklahoma,47365,29.102440,71.0505585
Dr. Tammie Turner,34,7038 Pamela Island,Danielfort,South Dakota,10893,33.923940,56.744395
Brent Shaw,71,4735 Joseph Forks Suite 413,New Michaelland,Michigan,97920,130.738146,-15.2208305
Natalie Moore,41,250 Debra Walk Suite 729,West Kimberly,Oregon,56930,-136.753599,7.566340
Ruth Foster,44,91076 Knight Spurs,Lake Tyler,Illinois,60955,148.846315,77.939001
Robert White,31,4893 Shawn Divide,Lake Caseymouth,West Virginia,85813,136.385513,-83.822536
David Wilson,64,8679 Joseph Underpass,Mooreland,Delaware,72281,-177.583177,-77.597453
Rebecca Spence,49,286 Reyes Orchard,Joshuachester,Kentucky,00555,64.278333,-29.245973
Greg Garcia,57,0650 Brown Ramp Apt. 307,North Bradhaven,Louisiana,70209,116.441262,-47.467480
Kelly Morris,68,5591 Tamara Inlet Apt. 097,North Jenniferview,Indiana,16884,-92.502083,-22.446467
Dillon Peterson,64,874 Charles Lane,South Elizabeth,South Carolina,68877,-162.311240,-4.0761935
Teresa Hughes,65,180 Buck Isle Apt. 124,South Meganmouth,New York,54525,93.073158,55.167654
Jasmine Hendricks,64,2342 Boone Meadow,Cynthiaside,Illinois,61927,-77.100524,-46.723078
Michael Singh,72,12497 Thomas Knoll Suite 008,Lake Kelly,Nebraska,54544,4.885583,-69.125561
Tara Sanchez,28,972 Christine Unions,Gomezshire,Nebraska,03813,-106.143741,20.3738805
Selena Jones,18,98047 Krueger Mission,Moranville,Hawaii,39853,-170.391210,-70.338106
Emily Ortiz,47,177 Max Keys,Madelineside,Colorado,42690,144.196924,-41.400328
Amber Collins,64,105 Brown Squares,East Brentchester,Alaska,98244,19.161337,-60.3270855
Jeff Dominguez,18,529 David Avenue,West Garretttown,Indiana,84949,46.528965,61.231749
Francisco Crane,56,777 Farmer Crossing,North Bryan,Montana,95363,144.641091,-85.9116495
Madison Thomas,50,4593 Waters Trail,East Lauren,Alabama,56050,-63.444192,-8.832473
Wayne Bartlett,34,93752 Harrell Shore,Mcmillanstad,Idaho,02955,-148.465873,19.358690
Debbie Rivera,74,1655 James Trail,Deannaside,Montana,83099,124.242573,-88.307151
Madison Marsh,51,1981 Stephanie Motorway,New Leslieborough,Kentucky,40036,110.705771,67.0786835
Jessica Wilson,76,640 Amber Summit Suite 676,Lake Jamesmouth,Vermont,52307,-130.060371,43.5256015
Robin Hunter,73,0675 Kenneth Mission,Onealhaven,Alabama,58114,-76.934554,60.3972545
Jeanne Beasley DVM,20,124 Marshall Summit Suite 761,New Rebeccachester,Oklahoma,36722,-46.963787,9.8988245
Glen Fisher,25,505 Donald Junction,Hannatown,Montana,19304,178.253121,13.846783
Kimberly Jones,59,0726 Benjamin Land,Murrayfort,Nebraska,90990,-144.674541,-71.0272635
Gary Santiago,23,620 Jack Lodge Apt. 986,Larryside,Delaware,77041,-155.235045,68.688875
Kenneth Keller,58,7552 Tracy Skyway Suite 979,North Kristopher,New York,18693,106.684808,40.6208465
James Cruz,24,96063 Thomas Landing Apt. 048,Savagestad,Georgia,25448,29.587687,-53.2295755
Sean Palmer,54,93750 Lisa Street Suite 086,Kristinaside,Oregon,68602,28.301145,-54.466836
Mitchell Morales,52,190 Mcclure Shore Apt. 581,East Christine,Oklahoma,95077,142.980682,73.543468
Vanessa Keller,64,07901 Shawn Cliff,Bryanberg,Nevada,37831,-113.460570,-23.620420
Brooke Turner,29,0483 Conley Wells Suite 275,Washingtonview,Virginia,89559,74.139721,-74.272164
Rebekah Schmidt,63,8548 Carroll Villages Apt. 571,Mcguireton,Iowa,61925,-69.793574,8.9469005
Zachary Ortiz,46,6185 Davis Bypass Apt. 666,Port Amanda,Oregon,17191,-103.683305,-74.133714
Jerry Fowler,71,233 Bridges Pass,Mitchellhaven,New Hampshire,78709,-44.249253,67.2301845
Jade Kerr,49,201 Daniel Canyon Suite 902,West Jeremyside,Kansas,41394,-121.534623,-42.3303625
Amber Bell,18,97243 Mark Springs Apt. 003,North Justin,Iowa,19776,99.008939,15.6977105
Henry Moore,58,5278 Charles Views Suite 253,Seanberg,Indiana,43216,76.822026,25.662150
Patricia Freeman,72,26872 Baker Road Suite 174,Williamton,Montana,83285,-50.915873,-40.924343
Brian Smith,22,98274 Cooper Mountains,Stephaniemouth,Delaware,13148,159.853151,-64.5311575
Eric Miller,19,835 James Highway,Smithville,New Hampshire,61114,-7.660276,38.284195
Travis Lawrence,21,4664 Tommy Avenue,North Robertport,Virginia,82074,-62.365032,-6.8389465
Donna Rodriguez,37,9633 Angel Estate Suite 577,Aaronshire,Ohio,66353,40.701516,34.010467
Tanya Villegas,26,662 James Shoal Apt. 365,New Eric,Arizona,84596,169.213457,75.680091
Terry Taylor,30,46147 Flores Bridge Suite 622,Goodwinstad,Kentucky,63461,-10.614997,-85.3043255
Kayla Massey,31,438 Toni Mount Suite 243,New Marc,New Mexico,69168,-88.840221,-32.5724705
Lynn Ford,63,14124 Elizabeth Well Suite 844,Lake Lauramouth,Illinois,53293,-145.297684,73.295353
Eric Klein,63,12251 Barbara Track Apt. 337,Kellyfurt,Michigan,35017,98.506767,-35.1373265
Marcus Mclean,28,454 Jessica Track,West Rachelshire,Nebraska,19368,63.679662,45.239253
Heather Carter,45,057 Carlos Stream,East Matthew,Wyoming,31411,-15.398491,-64.8889005
Lindsey Marshall,51,8666 Mary Mission Suite 376,Nixonburgh,Nevada,18056,54.139062,81.132710
Steven Rodriguez,50,7746 Pamela Unions,Lake Rachelview,Delaware,31370,-178.248701,-43.646816
Jonathan Espinoza,27,6374 Leon Camp,Wilcoxton,Minnesota,54212,-130.475726,-68.179195
Eugene Roberts,44,036 Derek Spurs Apt. 185,North Jessica,Maryland,90747,-13.776025,67.824471
John Howard,57,5408 Deborah Route Suite 376,New Dawn,Tennessee,16396,19.435801,-81.949545
Chelsea Leonard,64,3553 Melinda Cove Suite 791,West Laura,North Carolina,56076,157.524352,2.6584675
Shelly Anderson,59,8233 Brown Ports Apt. 705,West Lori,Ohio,19438,67.101642,41.070230
Daniel Figueroa,77,121 Katelyn Falls Suite 382,Salazarberg,Kentucky,68138,-5.670681,-49.055137
Jeffrey Martinez,19,3877 Natalie Rue,Lake Scottmouth,Pennsylvania,28348,-50.500130,-32.970900
Colleen Rodriguez,19,087 William Common,Brandonburgh,Maine,02289,162.294452,-20.711309
Megan Miller,62,07705 Taylor Common,Kristenhaven,New Jersey,11637,146.598271,-35.082002
Derek Morgan,71,5702 Glenn Drives Suite 781,New Juliantown,New York,46263,65.993784,35.569124
Erik Anderson,19,124 Michelle Lane Suite 706,Fryebury,Delaware,80005,47.364657,81.111231
Donald Brown,49,758 Fischer Groves,Vincentmouth,Montana,21561,36.257781,-75.805042
Willie Randall,31,4019 Teresa Lane,Aaronport,North Carolina,34888,-154.704387,-32.143952
Cassandra Reese,23,25186 Scott Village Apt. 413,Melanietown,California,44605,36.637988,50.5501565
Monica Steele,48,0536 Tracy Fall,New Elizabethmouth,Kentucky,58764,103.647649,19.7469475
Misty Rice,31,9232 Ronald Fort Suite 006,Lake Craig,California,41434,59.653243,-57.999373
Michael Weber,76,17513 Lester Rest Suite 329,North Jasminechester,Nevada,03551,1.051212,-77.4473325
Lonnie Haley,31,07406 White Mountain,New Cindytown,Iowa,39524,-62.702382,21.7894855
Janice Fowler,24,96303 Nancy Glen Apt. 347,New Jeremyborough,Oregon,79287,92.616597,21.693869
Heidi Austin,36,57188 Robinson Port,North Edwardbury,Maryland,45283,-86.465672,-59.524361
Scott Walker,42,407 Wyatt Shores,Lake Kimberly,Michigan,41423,96.355142,-85.6939555
Sharon Hernandez,59,0614 Hall Haven Apt. 051,Mackenzieview,Illinois,85229,-138.745679,-63.092332
William Lucero,76,647 Natalie River Suite 769,West Amanda,Maine,78829,-136.280582,-78.926221
Rachel Davis,26,5119 Alvarez Groves,South Anitaview,Connecticut,69118,49.613789,15.217332
Paula Moore,47,811 Beth Wall,Mauriceborough,Kentucky,18861,-92.544167,37.361393
Dr. Clifford Newman,53,972 Smith Hills Apt. 073,North Carolyn,Hawaii,92258,99.432091,-40.9357035
Tonya Thompson DDS,67,72192 Lori Crossing,Davidchester,New Mexico,52143,-164.678793,-31.5886435
George Aguilar,53,1432 Flores Prairie,West Travis,Alaska,14660,110.460367,76.824378
Nancy Mcdonald,28,6073 Tracy Creek,Port Rodney,Oregon,68775,-162.616586,-76.4364415
Mr. Edward Martinez,69,3890 Catherine Drive Apt. 208,Lake Michaelmouth,Mississippi,31150,-85.911073,-56.904291
James Armstrong,45,294 Lopez Prairie,Randymouth,New York,55150,147.484216,-0.285446
Jose Robbins,42,395 Chen Valleys,Nathanside,New York,27555,19.029623,-54.9593175
Elizabeth Rosales,49,310 Lisa Burgs Suite 294,Lake Claudiaside,Wisconsin,91396,26.614758,-43.172429
Austin Jenkins,72,614 Collier Knolls Apt. 617,West Kevinbury,Vermont,40939,-137.014910,43.1999415
Haley Wolfe,80,7293 Carlos Dam,Lake Carlos,North Dakota,77941,-106.773928,8.286478
Tanya Robertson,39,940 Michele Orchard,Kevinland,Kansas,69647,-107.876363,-53.505370
Kari Snyder,79,279 Chavez Mountain,North Evelynstad,South Dakota,04008,-92.992936,-8.0785935
Ashley Anderson,48,681 Barnett Roads,Castanedaton,Tennessee,45175,-133.244769,-45.1746775
Rebecca Cooke,21,3247 Kramer Plains,Yolandaton,Kentucky,62272,174.362394,-78.128261
Brianna Romero,71,91510 Michael Dale Apt. 218,New Jennifertown,Arizona,18946,115.720245,86.6543785
Susan Pace,59,070 Duncan Groves,East Nancy,Maine,43698,-25.309177,22.035135
Dustin Neal,57,20599 Moses Gateway,Smithtown,Ohio,68864,13.440511,-19.946905
Carol Mcintosh,56,3616 Barnett Walks,Debraton,South Carolina,36424,-163.569411,4.440316
Kenneth Jackson,55,91783 Klein Throughway Apt. 407,Nelsonland,Alabama,61118,76.797568,51.8952285
Kimberly Smith,77,0294 Barker Walks,South Carla,Alabama,59208,44.433544,-54.290161
Ashley Williamson,76,84175 Griffin Coves Suite 985,West Jessica,Missouri,73195,-143.968502,-15.0934195
John Andrews,72,765 Miller Spur,South David,Massachusetts,27332,-119.553556,67.9890995
Michaela Mitchell,50,54012 Solomon Street Apt. 266,Meyersfort,Indiana,68637,112.597677,-42.786097
Lisa Thompson,34,69994 Stephanie Roads,Michaeltown,Wyoming,92977,44.801973,-52.800202
Charles Cameron,45,7432 Davis Oval Suite 647,Gordonbury,New Mexico,57232,151.123909,-1.851583
Kaylee Mcguire,18,58599 Natasha Points Suite 715,North Susanbury,New Jersey,52302,-141.011414,-71.819315
Christopher Harris,64,224 Jesse Haven,East Michelleburgh,Utah,72261,-166.384922,42.907712
Caitlin Williams,43,14400 Myers Ports,Port Suzanne,Rhode Island,57500,-32.984068,7.821601
Joseph Brown,28,54330 Peterson Hollow,East Elizabethhaven,Tennessee,13622,-57.543629,36.721037
Jessica Ellis,39,41950 Foster Ranch Apt. 161,Lake Johnshire,South Carolina,04566,25.509409,53.590875
Jason Leonard,72,0085 Kennedy Underpass,West Brian,Vermont,30889,88.255865,-49.178043
William Mccoy,57,5974 David Flat,New Christinetown,Indiana,36470,120.101922,67.4310555
Don Hernandez,35,97871 Shawn Lights Suite 399,Porterport,Oregon,02108,29.470465,25.0959995
Desiree Huffman,69,08071 Richardson Crossing,Franklinview,Nebraska,25035,-26.435202,52.0014865
Andrea Jennings,29,22392 Cohen Walks Suite 999,East Rebeccaberg,Colorado,29906,-118.528956,25.681890
Mark Moore,59,267 Thomas Lights,North Randy,Wisconsin,13742,-156.574464,82.4786145
Ariel Aguirre,69,66191 Lisa Valleys,East Chelseaton,West Virginia,28732,-56.801972,15.5287745
Christine Acevedo,56,70139 Bird Vista,New Lauraberg,New Jersey,60282,-75.948182,29.6459665
Terry Williams,48,19413 Armstrong Circles Apt. 216,West Eric,Washington,18343,165.007193,37.9160455
Abigail Smith,68,364 Rodney Harbor Suite 686,South Samanthaview,North Carolina,49085,-54.112604,46.961980
Jason Webb,42,73228 Jason Pike,Lake Calvinside,Colorado,35660,5.609623,26.3622675
Alexandra Rhodes,18,3815 Darlene Highway Apt. 355,West Beth,Florida,44134,-102.428503,-80.455597
James Edwards,24,793 John Ridges,West Jennifer,Florida,88103,-40.123357,0.009135
Joseph Mathews DDS,68,5270 Kathleen Fort,Hollyton,Illinois,76096,12.027486,43.6142695
Denise Johnson,74,71310 Gregory Ramp,New Alicia,Virginia,15531,-174.220842,-89.612274
Melissa Mccarthy,51,002 Robinson Brooks,Jessicamouth,Montana,21463,57.421411,-45.771603
Mary Brewer,29,422 Moore Springs,Kristintown,New Hampshire,15766,-7.704797,46.8553075
Beverly Smith,62,48358 Cameron Locks Suite 491,Perryborough,North Dakota,33193,-41.583774,62.299684
Michael Mcdonald,28,968 James Trail Apt. 221,Amyville,Maryland,86023,-68.320558,-19.3590915
Michael Diaz,57,5117 Sheena Glen,Lake Jessica,Colorado,05491,-159.797193,-12.4496235
Kristine Oliver,39,547 Wang Greens,South Christine,Florida,31313,151.158829,59.699874
Katrina Barnes,41,554 Vincent Ports,Fletchershire,New York,94481,-25.536942,-63.2269525
Michelle Novak,78,3361 Michael Road Suite 707,Leeside,Virginia,93031,-69.640472,-67.167581
Vanessa Chambers,48,484 Johnson Ramp,West Heather,Mississippi,62046,27.254386,-47.118483
Jared Webb,57,47709 Theresa Avenue,Schroedershire,Hawaii,68425,-101.733306,-80.126127
Taylor Morgan,56,9308 Gomez Prairie,North Brandystad,Washington,11583,-44.257068,-2.4290425
Danny Freeman,34,68003 Lawson Mills,Jasmineton,Hawaii,09558,25.726755,-0.6401925
Anthony Morris,23,767 Felicia Prairie,Murphystad,New Hampshire,50011,166.778154,-59.3984695
Jillian Porter,55,077 William Glen,Port Annshire,Georgia,75072,-86.185521,-72.9249475
Nicole Grant,46,66163 Shannon Drive Apt. 193,South Jamesmouth,Colorado,60067,-172.787530,-66.289967
Frank Barry,55,71985 Kelly Walk Suite 832,Edgartown,Nevada,87297,-31.208178,-1.6459355
Courtney Montgomery,45,23265 Stewart Heights Suite 078,Lake Charleston,Kansas,48232,-131.402249,-23.393542
Jose Morris,57,95891 Robin Mountain Apt. 916,Phillipsberg,West Virginia,32470,-119.846962,28.2619215
Rachel Lopez MD,72,52790 Jason Harbors,North Markmouth,Nevada,88703,-176.499505,36.147829
Lisa Mccall,80,1050 Christopher Fork,Lake Markview,Idaho,72521,27.886701,-11.928148
David Cohen,61,480 James Canyon,Jensenshire,Nebraska,09868,-31.254096,-36.6498935
Donna Long,22,331 Travis Gateway Apt. 484,Elizabethfurt,Minnesota,32774,-145.632091,-28.552387
Laura Mills,69,07978 Mitchell Knolls,Port Matthew,California,92490,16.391594,84.857822
Courtney Garcia,52,0757 Bennett Stravenue Suite 365,Mcintyrefort,Texas,59385,133.795554,-37.840462
Jared Rocha,39,96894 Michael Underpass,Port Williamtown,Arizona,71865,-171.895824,-4.675785
Dennis Long,36,480 Ryan Creek Suite 860,East Garrettview,Arkansas,44795,135.847340,-13.8707605
Emma Guzman,54,902 Elizabeth Park Suite 229,Padillamouth,Michigan,83627,-79.786870,-70.5099135
Julie Greene,27,58624 Nathan Inlet,Riceberg,Virginia,82663,60.148955,22.702224
Christopher Norman,26,8092 John Run Suite 585,New Jamestown,California,79988,-122.734859,28.102111
Michael Cameron DVM,49,9879 Daniel Wells,Davismouth,Kentucky,66887,-72.509906,-9.2440985
Kimberly Kennedy,33,58746 Hernandez Divide,Terriville,Arkansas,15324,-89.373355,84.9780165
Kim Adkins,30,4501 Isaac Drives Suite 195,Larsenberg,Wisconsin,50622,107.938691,-62.993778
John Harmon,69,339 Vega Crossing Apt. 575,Matthewsshire,Idaho,89045,-130.464939,28.755396
Joseph Williams,28,03875 Rodriguez Light Suite 411,Heatherville,Oregon,43330,135.518405,-19.320506
Alexis Williams,32,6216 Clayton Manor,Wrightville,New York,99836,179.927097,14.492364
Gregory Jackson,21,9007 Case Brook,East Michellehaven,West Virginia,76415,56.771359,0.8330595
Matthew Diaz,79,02088 Mcgee Ports Apt. 705,New Kevinport,Alaska,64276,12.355743,-3.2436365
Ann Hobbs,23,99153 Mills Extension Apt. 680,Lake Nicholasbury,Ohio,63451,-148.969160,82.147779
Kimberly Cervantes,51,579 Margaret Centers,Thomasside,Alabama,57249,98.771702,53.8005865
Tommy Lopez,52,24028 Anderson Throughway,Craigview,Texas,37966,-137.025508,9.4719195
Lawrence Tanner,57,769 Jamie Loop,Jacksonberg,North Dakota,34138,-64.919071,12.427075
Jeremiah Brown,77,37138 Robert Glens,Molinaton,Alaska,27517,-129.808268,85.0977335
Frank Brooks,67,38461 Brian Neck,Markville,Texas,78734,-7.900035,39.873986
Robert Mcintosh,48,53328 Suzanne Trail Suite 228,Lake Jenniferport,Montana,70066,-150.309562,-54.496879
Jonathan Skinner,50,369 Miller Park,North Heatherfurt,Kentucky,67757,167.175201,-81.7439685
Katie Gilbert,40,8909 Martinez Neck,Taylorport,Montana,22474,-137.416142,27.3248945
Andrew Young,67,999 Dillon Corner,Lake Donaldfurt,Minnesota,33012,164.846203,-78.1917585
Lori Cordova,33,2808 Amy Garden Suite 998,North Justin,Wisconsin,12347,-80.750385,57.3991465
Wendy Farrell,47,9003 Matthew Shores,Harrisberg,Michigan,13036,156.281420,79.8679105
Mary Morris,51,786 Mason Trace,New Walter,Virginia,83291,154.227178,-39.792523
Terri Moore,47,3709 Chapman Ramp Suite 124,Davidfort,Georgia,00923,78.809408,-74.077653
Mario Schaefer,31,117 Meghan Spring,Powellside,South Carolina,35780,101.044758,-27.981855
Jon Morris,52,126 Kathryn Branch,Barbaraside,South Carolina,13647,125.810934,-53.0213155
Megan Davis,19,20315 Brandon Track,Jorgeburgh,South Carolina,23987,-68.868756,47.029514
Colin Hudson,78,555 Ellen Plain,Simpsonview,Oregon,72860,39.635331,66.6930435
Lee White,44,31140 Hunt Pike,Lake Jessicamouth,North Dakota,46615,-79.425574,27.3447975
Casey Lane,20,682 William Spurs Suite 341,Roberthaven,Tennessee,91631,76.428063,-33.317088
Kevin Dyer,70,7150 Brandy Pines,East Scott,Pennsylvania,44465,33.999411,89.6342405
Kenneth Griffith,39,38764 Tammy Isle Apt. 920,Catherinehaven,Florida,81010,-4.253860,89.0338755
Kelly Rodriguez,52,542 Jacob Road,Anthonyland,Tennessee,27767,-156.226091,42.707172
Alyssa Fisher,79,02969 Conner Stravenue Apt. 826,East Stephen,California,19501,110.298937,51.666050
Linda Barrett,76,355 Devin Passage Suite 926,New Dawnport,Arkansas,30964,58.632200,14.5435965
Tiffany Evans DVM,32,7159 Dorsey Terrace Apt. 903,Allenport,Maryland,72233,-22.414435,-41.345156
Sean Juarez,41,11955 Frank Mission,Williamsview,Idaho,50823,21.930979,-8.8993335
Mr. James Nielsen,21,4009 Peterson Forges,Lisaview,Kentucky,36556,57.279444,-84.141040
Wendy Bradshaw,47,8902 Martinez Estate,South Matthewland,Texas,72713,-156.845000,38.6877365
Benjamin Chaney,37,86851 Sellers Underpass Suite 493,South Jonathan,Alaska,22792,-85.677737,57.004104
Jacqueline Russell,48,42180 Hart Pike Suite 962,Barryview,Texas,26012,77.476451,36.488737
Theresa Martinez,76,9239 William Brook,East Johnchester,Kansas,51490,66.692009,-73.8929185
Craig Ortega,52,1679 Atkinson Corners,East David,Missouri,86858,97.425961,74.753067
Alexandra Miller,18,348 Diamond Estates,Nguyenland,Georgia,20264,-97.785906,22.3697285
Tiffany Tyler,56,5854 Fritz Shoals,Howellberg,Arizona,68668,-138.911125,-43.8206225
Erik Morales,71,745 Elizabeth Common,North Thomas,Alaska,86896,-57.373850,-80.836678
Colton Smith,30,8216 Debbie Parks Suite 192,Robertside,South Carolina,07913,-91.320357,-48.929293
Sharon Gould,69,89332 Green Mountain,Gallagherfort,Texas,92030,41.901845,-81.0791165
Angela Sullivan,41,889 Meghan Manor Suite 333,Feliciamouth,Michigan,36210,-11.396935,65.8912135
Alyssa Simmons,32,54046 Javier Ways Apt. 305,Port Wendy,California,46057,-178.437520,-41.4220925
Nicole Yang,22,21669 Morgan Extension,Charlenechester,Connecticut,05267,-43.184591,74.183324
Frank Moran,32,931 Blake Parkways,Scottfurt,New York,26103,134.717244,50.1371875
Patrick Henderson,79,4496 Miller Hill Suite 343,North Anna,Virginia,98014,165.681522,-22.932695
Denise Vang,31,9160 Patel Squares,East Maria,Vermont,61155,-173.430218,-48.2380775
Anthony Pace,49,3256 Miller Tunnel Apt. 334,Coxhaven,Illinois,49332,-30.208938,-22.206691
Rebecca Garner DVM,68,297 Cheryl Passage,Pruittstad,Colorado,75141,78.686544,-59.6827095
Brooke Reynolds,79,204 Ashley Curve Suite 394,South Donna,Oklahoma,44814,-79.431838,29.904150
Robert Page,40,58912 Shelby Shores Suite 573,East Michael,New Hampshire,84808,-44.401119,4.330372
Brandon Chang,23,9193 White Circles,Danielbury,Oklahoma,28357,-166.696151,24.7210475
Deborah Johnson,23,276 Joshua Shoal,New Brandon,California,21144,103.328671,89.493570
Jennifer Mcdonald,36,20530 Austin Courts,Lake Lauriechester,Connecticut,54088,160.616005,16.345165
Norma Hayes DDS,80,83073 Bell Avenue,West Patricia,Indiana,76450,-136.705304,85.9457285
Daniel Garrett,28,03813 Smith Skyway,East Daniel,California,39548,109.023405,-2.240962
Christian Mills,34,8283 Jeffrey Drive,Christopherside,Hawaii,95478,61.956786,85.559320
Jason Logan,63,07970 Lopez Lakes,Port Andrewside,Michigan,65540,-142.113524,-28.561519
Manuel Baker,53,616 Yang Lock Apt. 437,Port Andrew,Kentucky,50904,124.911180,-81.2572085
Matthew Crawford,21,3451 Daniel Cliff,Jodyside,Illinois,44879,-30.307774,-43.3528665
Joseph Johnston,70,97744 Kevin Crossing Suite 859,Mariafort,Iowa,74819,-9.548498,55.326232
Nancy Burns,78,6882 Christopher Corners Apt. 571,South Theresafort,Connecticut,33063,-49.192101,-16.403263
Ashley Nelson,66,945 Jimenez Mount,Valentineville,Alaska,16897,156.077558,8.9532145
Teresa Robinson,77,67617 Anthony Lights,North Kelly,Alabama,20453,-88.857209,-76.5234485
Jennifer Snyder DVM,49,5182 Paul Hills,Sabrinaville,Delaware,27851,-46.826979,43.8960245
Gina Miranda,78,947 Ortiz Station,Garciaborough,Connecticut,13076,-72.819502,37.287204
Christian Perez,69,89831 Kim Key Apt. 512,Lake Kimberly,Delaware,49162,148.283568,75.851085
Marcia Martinez,42,009 Lopez Rue,Lake Michaelview,Wisconsin,87408,127.069375,13.251386
Katherine Thompson,52,122 Meyer Vista Apt. 720,South Angela,Tennessee,68606,150.034625,-4.2459545
Alexandria Diaz,50,0166 Alison Drive,Johnsonton,New York,11381,35.637959,84.5068785
Crystal Harrison,69,1778 Antonio Centers,Matthewberg,Delaware,93692,-15.058461,-41.1874725
Richard Maldonado,65,209 Emily Turnpike,Robertland,Hawaii,21907,4.605722,-45.880620
Cassandra Ortega,26,6184 Simmons Gardens Apt. 493,North Larrystad,Virginia,50411,25.462142,-0.658397
Melissa Freeman,36,1696 Jason Cape,Sanchezfurt,Wyoming,31368,-51.928076,37.478396
Patricia Ayala,26,48938 Timothy Stream Apt. 779,Nicholastown,Idaho,05480,11.181796,-63.4398875
William Lopez,61,42264 William Row Apt. 583,Martinmouth,Alabama,66781,-58.335089,0.8200495
Adam Navarro,49,2810 Ann Street,Angelview,Oregon,17248,-7.887671,35.3027995
Ryan Berry,71,5269 Nicole Square,South Mary,Pennsylvania,31126,-117.334255,46.4060015
Derek Ward,68,8712 Mallory Turnpike,South Jennifershire,California,78466,127.974426,66.0416265
